-- phpMyAdmin SQL Dump
-- version 4.8.4
-- https://www.phpmyadmin.net/
--
-- Host: 127.0.0.1
-- Generation Time: Mar 13, 2020 at 10:33 AM
-- Server version: 10.1.37-MariaDB
-- PHP Version: 7.3.1

SET SQL_MODE = "NO_AUTO_VALUE_ON_ZERO";
SET AUTOCOMMIT = 0;
START TRANSACTION;
SET time_zone = "+00:00";


/*!40101 SET @OLD_CHARACTER_SET_CLIENT=@@CHARACTER_SET_CLIENT */;
/*!40101 SET @OLD_CHARACTER_SET_RESULTS=@@CHARACTER_SET_RESULTS */;
/*!40101 SET @OLD_COLLATION_CONNECTION=@@COLLATION_CONNECTION */;
/*!40101 SET NAMES utf8mb4 */;

--
-- Database: `ufami`
--

-- --------------------------------------------------------

--
-- Table structure for table `admin`
--

CREATE TABLE `admin` (
  `admin_id` int(11) NOT NULL,
  `email` varchar(255) NOT NULL,
  `username` varchar(255) NOT NULL,
  `password` varchar(255) NOT NULL
) ENGINE=InnoDB DEFAULT CHARSET=latin1;

--
-- Dumping data for table `admin`
--

INSERT INTO `admin` (`admin_id`, `email`, `username`, `password`) VALUES
(1, 'ufamisacco@gmail.com', 'ufami', '83a94d105f283e756f12d2ab20f824b38430ceae');

-- --------------------------------------------------------

--
-- Table structure for table `contributions`
--

CREATE TABLE `contributions` (
  `contribution_id` int(11) NOT NULL,
  `member` int(11) NOT NULL,
  `amount` int(11) NOT NULL,
  `method` int(11) NOT NULL,
  `type` int(11) NOT NULL,
  `invoice` varchar(255) NOT NULL,
  `date` int(255) NOT NULL
) ENGINE=InnoDB DEFAULT CHARSET=latin1;

--
-- Dumping data for table `contributions`
--

INSERT INTO `contributions` (`contribution_id`, `member`, `amount`, `method`, `type`, `invoice`, `date`) VALUES
(55, 6, 500, 1, 2, 'ec52a13639', 1530392400),
(59, 12, 500, 1, 1, '04fe93831a', 1530392400),
(60, 12, 300, 1, 2, 'a228a41049', 1530392400),
(61, 13, 500, 1, 1, 'bb8bde43a9', 1530392400),
(62, 13, 500, 1, 2, 'be2957d865', 1530392400),
(63, 23, 500, 1, 1, 'b6eb3b0789', 1530392400),
(65, 32, 500, 1, 2, 'c67c344d04', 1530392400),
(66, 42, 500, 1, 2, '4fe3af0b58', 1530392400),
(67, 60, 500, 1, 2, '9cfde84ab3', 1530392400),
(68, 59, 500, 1, 2, 'c29455651c', 1530392400),
(69, 76, 500, 1, 1, '2276230634', 1530392400),
(70, 76, 500, 1, 2, '9429386917', 1530392400),
(71, 5, 1000, 1, 2, '5736498c07', 1530392400),
(72, 94, 500, 1, 1, '30519624fa', 1530392400),
(73, 94, 500, 1, 2, '938e28cc96', 1530392400),
(74, 99, 500, 1, 1, '83cf2d3ce6', 1530392400),
(75, 99, 500, 1, 2, 'bbeec03bb1', 1530392400),
(76, 53, 1000, 1, 2, 'd0e939623b', 1530392400),
(77, 54, 500, 1, 2, '8b8c02e581', 1530392400),
(78, 57, 500, 1, 1, '0f485a8d00', 1530392400),
(85, 14, 1000, 1, 2, 'cce1e248c3', 1535576400),
(86, 14, 500, 1, 1, '41daf8ebe4', 1535576400),
(87, 15, 1000, 1, 2, 'af305ae4cb', 1535576400),
(88, 15, 500, 1, 1, 'c474dc3927', 1535576400),
(110, 165, 1000, 1, 2, 'f8bfc3f36b', 1546462800),
(111, 165, 1000, 1, 1, 'a60efd1024', 1546462800),
(112, 166, 1000, 1, 2, 'e3610641d7', 1546462800),
(113, 166, 500, 1, 1, 'b09f887536', 1546462800),
(114, 164, 1000, 1, 2, 'eac4a2e1d9', 1546462800),
(115, 164, 500, 1, 1, '899cb74b42', 1546462800),
(116, 135, 1000, 1, 1, 'ad85167297', 1546808400),
(118, 100, 500, 1, 2, '5b21d4804e', 1546808400),
(119, 100, 500, 1, 1, 'e16bf68f1a', 1546808400),
(120, 73, 500, 1, 2, '3c5c8a467d', 1546808400),
(121, 73, 500, 1, 1, '7b8bfc78de', 1546808400),
(122, 161, 500, 1, 1, '460412e9cd', 1546808400),
(123, 56, 500, 2, 1, '93384948a9', 1547067600),
(124, 14, 500, 3, 1, '9a79781f9c', 1546981200),
(125, 15, 500, 3, 1, '9302166437', 1546981200),
(126, 167, 5000, 2, 2, '44bf3eeb3c', 1547154000),
(127, 167, 500, 2, 1, '828cceb436', 1547154000),
(128, 141, 5000, 2, 1, 'a3e76060f8', 1547586000),
(129, 69, 500, 2, 1, 'a2b0d0ffe3', 1547499600),
(130, 2, 800, 2, 1, 'c7976156c3', 1547672400),
(131, 137, 9000, 2, 1, '6929118b30', 1547586000),
(132, 149, 500, 1, 2, '7d09939e4d', 1548018000),
(133, 149, 500, 1, 1, '439eece240', 1548018000),
(134, 150, 1000, 2, 2, '73f7b1625f', 1548018000),
(135, 150, 500, 2, 1, '1f99ca9c7b', 1548018000),
(136, 69, 500, 2, 1, '441e2ae7e1', 1548104400),
(137, 124, 2000, 2, 2, '5096d0cb20', 1548104400),
(138, 153, 1000, 2, 2, 'fb176307ba', 1548104400),
(139, 153, 500, 2, 1, '08aee70459', 1548104400),
(140, 129, 1000, 1, 2, '6728439d95', 1548277200),
(141, 129, 500, 1, 1, 'bbc0911ff3', 1548277200),
(142, 141, 2000, 2, 1, '9926150db7', 1548450000),
(143, 142, 1000, 2, 1, '58cfd321f0', 1548450000),
(144, 75, 500, 2, 1, '1a98ddf518', 1548450000),
(145, 34, 500, 2, 1, 'f5ead81e66', 1548450000),
(146, 24, 500, 2, 1, '6878ae2304', 1548450000),
(148, 31, 1000, 1, 1, 'a2f9ee051e', 1548450000),
(149, 27, 2500, 2, 1, 'c3b888ad08', 1548536400),
(150, 28, 2500, 2, 1, '22260431de', 1548536400),
(151, 5, 3000, 1, 2, 'c210e88bea', 1548622800),
(154, 30, 4000, 1, 2, '0b6c9149fd', 1548622800),
(155, 30, 10000, 1, 1, 'da9eeff9a5', 1548622800),
(156, 144, 1000, 2, 2, '870c3aef70', 1548622800),
(157, 126, 1000, 2, 2, 'ae3e98e635', 1548622800),
(158, 162, 1000, 1, 2, 'e3575793ca', 1548709200),
(159, 169, 500, 1, 1, 'a58f1bd4f0', 1548709200),
(160, 170, 500, 1, 1, 'dcc4777482', 1548709200),
(161, 48, 1000, 1, 1, '4cb766dd49', 1548795600),
(162, 168, 500, 2, 1, 'ec34a096f6', 1548882000),
(163, 40, 2000, 1, 2, '0d6b9b76c1', 1548882000),
(164, 40, 500, 2, 2, '6b19cdb3d2', 1548882000),
(165, 40, 2000, 2, 1, '75713cc2bb', 1548882000),
(166, 135, 1000, 1, 1, '6c26c3b33b', 1548882000),
(167, 45, 500, 2, 1, '0a867de835', 1548882000),
(168, 33, 2000, 2, 1, 'ef7401f593', 1548450000),
(169, 38, 1000, 1, 2, '4f742413d4', 1548622800),
(170, 162, 1000, 2, 2, '8b4b5ce790', 1546290000),
(171, 123, 500, 2, 1, '8bac097645', 1563310800),
(172, 51, 500, 2, 1, '1b724cbc66', 1546808400),
(174, 116, 500, 2, 1, '0ae3e6de74', 1548277200),
(175, 51, 1300, 2, 1, '9e08458d7b', 1548277200),
(176, 97, 600, 2, 1, '352e5a6b4d', 1547067600),
(177, 97, 500, 2, 1, '2d329dfd83', 1547240400),
(178, 97, 500, 2, 1, '75f3f5ef83', 1548450000),
(179, 143, 1500, 2, 1, 'a8a708257c', 1548622800),
(180, 93, 3000, 2, 1, '999a515177', 1548104400),
(181, 1, 500, 1, 1, 'd6b318ea83', 1548968400),
(182, 33, 2000, 1, 1, 'bb49e6fb1b', 1548968400),
(183, 77, 1000, 1, 2, '991076e0c4', 1548968400),
(184, 172, 2000, 1, 2, '75e6ca5ded', 1548968400),
(185, 3, 500, 1, 1, '4d32385397', 1548968400),
(188, 129, 2000, 1, 2, 'c733592dbb', 1549227600),
(189, 129, 2500, 1, 1, 'a60d44edb6', 1549227600),
(190, 51, 1500, 2, 1, '94c1e4b683', 1549227600),
(191, 1, 2000, 1, 1, '7a7e3c4212', 1549227600),
(192, 62, 1000, 1, 1, 'f9d65041f2', 1549227600),
(193, 161, 500, 1, 1, '00f7bdef53', 1549227600),
(194, 165, 1000, 1, 1, 'cda6e6c78b', 1549314000),
(195, 166, 500, 1, 1, '9d0d6fa7b9', 1549314000),
(196, 164, 500, 1, 1, 'f4a19c8976', 1549314000),
(197, 17, 1000, 1, 1, 'fbd4da1a4b', 1549314000),
(198, 53, 3000, 1, 2, 'ad5ce242d0', 1549486800),
(199, 53, 2000, 1, 1, '02890dcfba', 1549486800),
(200, 80, 1000, 2, 2, '6b02afc1b1', 1549486800),
(201, 42, 4500, 1, 2, '9479332569', 1549486800),
(202, 42, 3500, 1, 1, '8bf7aa18d1', 1549486800),
(203, 153, 1000, 1, 2, '45dd9f03f1', 1549486800),
(205, 93, 2000, 2, 1, '9cf18f06cb', 1549573200),
(206, 124, 1000, 2, 1, '5de17b9a31', 1549573200),
(207, 68, 1000, 2, 2, '8e0912105f', 1549573200),
(208, 100, 500, 1, 2, 'a4981a4339', 1549659600),
(209, 100, 500, 1, 1, '852c63bccf', 1549659600),
(210, 43, 1000, 2, 1, '8e4ed9b0b9', 1549659600),
(211, 44, 500, 2, 1, '9c883cd87f', 1549659600),
(212, 129, 1000, 1, 2, '955f080d69', 1549832400),
(213, 129, 1000, 1, 1, '9e3a7c0072', 1549832400),
(214, 173, 500, 1, 1, '840ab2cde8', 1549832400),
(215, 174, 500, 1, 1, 'c713e529e7', 1549832400),
(216, 175, 500, 1, 1, 'b7bd86d54e', 1549832400),
(217, 176, 500, 1, 1, 'de3ab35df7', 1549832400),
(218, 177, 500, 1, 1, '734ab08762', 1549832400),
(219, 1, 2000, 1, 1, '20a87a8ca0', 1549832400),
(220, 180, 1000, 1, 2, 'f7c6348522', 1549832400),
(221, 180, 500, 1, 1, 'a9b60ca455', 1549832400),
(222, 167, 1000, 2, 1, '5476c25864', 1549832400),
(223, 56, 700, 2, 1, '277798b9ef', 1549832400),
(224, 128, 2500, 1, 2, '028c9be028', 1549918800),
(225, 128, 500, 1, 1, '91006f57fc', 1549918800),
(226, 39, 5000, 1, 1, '07a940e15e', 1550005200),
(227, 154, 1500, 1, 2, 'e7f8ef5952', 1550005200),
(228, 154, 500, 1, 1, '34e9b853e3', 1550005200),
(229, 155, 1500, 1, 2, '5b52e29444', 1550005200),
(230, 155, 3500, 1, 1, '05a4294421', 1550005200),
(231, 26, 2500, 2, 1, 'e7ccabd2cc', 1550005200),
(232, 159, 1500, 2, 1, '92cc04b49a', 1550005200),
(233, 159, 1000, 1, 2, 'f5ca008eb5', 1550005200),
(234, 9, 2000, 1, 1, '07ca323d26', 1550005200),
(235, 9, 1000, 1, 2, '96c4a29679', 1550005200),
(236, 76, 2000, 2, 2, '80564ba901', 1550005200),
(237, 38, 1000, 1, 1, '0f09760b88', 1550178000),
(238, 116, 500, 2, 1, '719b30dcb3', 1551301200),
(239, 1, 1000, 1, 1, '19111ce17c', 1550091600),
(240, 129, 1000, 1, 1, '8b5bc06001', 1550437200),
(241, 65, 500, 1, 1, 'b4ae10b4ac', 1550437200),
(242, 48, 1000, 1, 1, 'f498ea4023', 1550523600),
(243, 51, 1000, 1, 1, '9d9e181060', 1550610000),
(244, 47, 3000, 1, 2, '3f117029cc', 1550696400),
(245, 47, 2000, 1, 1, '1374d9eea2', 1550696400),
(246, 135, 5000, 1, 1, '16df4aca99', 1551128400),
(247, 51, 1000, 2, 1, 'a9a1c3ee51', 1551128400),
(248, 24, 500, 1, 1, 'ffd27ee722', 1551214800),
(249, 34, 500, 1, 1, 'cbeec87803', 1551214800),
(250, 75, 500, 1, 1, 'b7bdeeda66', 1551214800),
(251, 142, 500, 1, 1, 'f18098e091', 1551214800),
(252, 168, 500, 2, 1, '2583b96c4c', 1551214800),
(253, 9, 600, 1, 1, '67f1b1364a', 1551214800),
(254, 33, 3000, 2, 1, '435168a50b', 1551301200),
(255, 51, 500, 2, 1, '20c40dfa80', 1551301200),
(256, 129, 1000, 1, 1, 'f3d1486bc3', 1551301200),
(257, 40, 1000, 1, 1, '1211fc022a', 1551301200),
(258, 76, 500, 1, 1, '53de02b4a5', 1551301200),
(259, 76, 500, 1, 2, '7209e24bd7', 1551301200),
(260, 145, 500, 1, 2, '9e2e620edb', 1551301200),
(261, 145, 500, 1, 1, '7e4c980e86', 1551301200),
(262, 76, 300, 1, 1, 'f82fbe9115', 1551301200),
(263, 158, 1500, 1, 2, '99dc2d03b4', 1551301200),
(264, 158, 1500, 1, 1, '20fc0e05b9', 1551301200),
(265, 161, 500, 1, 1, '57c5340838', 1551301200),
(267, 14, 1000, 3, 1, '168c9e65a2', 1549918800),
(268, 15, 500, 3, 1, '667c929144', 1549918800),
(269, 45, 500, 2, 1, 'f5e85301ad', 1551214800),
(270, 92, 2000, 2, 2, '8b57fc2471', 1550782800),
(271, 26, 5000, 3, 1, 'eb8f08f348', 1550005200),
(272, 126, 500, 3, 1, '62bff8c275', 1551301200),
(273, 43, 39000, 3, 1, '98cd2d7c25', 1549659600),
(274, 54, 400, 1, 2, 'bd6bf7d94a', 1548968400),
(275, 54, 600, 1, 1, '994a53a339', 1548968400),
(276, 153, 500, 1, 1, '167a64fedb', 1549486800),
(277, 126, 1000, 1, 2, '07bd24b0a1', 1551387600),
(279, 126, 1000, 1, 1, 'c86815c65d', 1551387600),
(280, 182, 1000, 1, 2, 'ebc40cbd74', 1551387600),
(281, 182, 1500, 1, 1, '42deb42fa9', 1551387600),
(282, 80, 1000, 2, 1, '002a2dee99', 1551646800),
(283, 27, 2500, 1, 1, '5cde1f791c', 1551474000),
(284, 28, 2500, 1, 1, '6235a7caf3', 1551474000),
(285, 141, 2000, 1, 1, '566f2d96d6', 1551646800),
(286, 93, 1000, 1, 1, 'caa45cc781', 1551646800),
(287, 51, 800, 2, 1, 'c988c9582c', 1551733200),
(288, 48, 1000, 2, 1, '7a5127c36d', 1551819600),
(289, 31, 1000, 1, 1, 'a7209cdc15', 1551819600),
(290, 183, 5000, 1, 2, '7ea122bd53', 1551819600),
(291, 183, 20000, 1, 1, '310f3594c8', 1551819600),
(292, 184, 5000, 3, 2, '286816e68f', 1551906000),
(293, 184, 4050, 3, 1, 'ad26ac575c', 1551906000),
(294, 180, 4000, 3, 2, '443beb904d', 1551906000),
(295, 180, 11000, 3, 1, '8f8a98c3b9', 1551906000),
(296, 129, 1000, 1, 1, 'e525eeb188', 1551906000),
(297, 56, 500, 2, 1, '1f87883cfb', 1551906000),
(298, 48, 5000, 2, 1, '4200886154', 1551992400),
(299, 135, 1000, 1, 1, '95b25cede0', 1551992400),
(300, 1, 1000, 1, 1, '7cab36a673', 1551992400),
(301, 173, 1000, 1, 2, 'c0cfec3c67', 1551992400),
(302, 153, 500, 1, 1, 'b9649b4a94', 1552078800),
(303, 183, 500, 1, 1, '1501df7926', 1552251600),
(304, 51, 1500, 2, 1, '8efe5ad6df', 1552251600),
(305, 177, 500, 1, 1, '0a9e93a1cf', 1552251600),
(306, 159, 1000, 1, 2, '57d1cc2224', 1552338000),
(307, 159, 1000, 1, 1, 'ea164e8ddb', 1552338000),
(308, 164, 500, 1, 1, '9b76b8f705', 1552424400),
(309, 165, 1000, 1, 1, '0a5cd658d1', 1552424400),
(310, 166, 500, 1, 1, '352cd313e7', 1552424400),
(311, 68, 3200, 1, 2, 'a00ff8b991', 1552424400),
(312, 68, 1800, 1, 1, '8bfc178ccf', 1552424400),
(313, 167, 1000, 1, 1, '8e6a170c0e', 1552510800),
(314, 170, 500, 1, 2, 'd57d902f70', 1552597200),
(315, 170, 500, 1, 1, '4d2fe74559', 1552597200),
(316, 51, 1300, 2, 1, '3b3f949376', 1552683600),
(317, 124, 1000, 1, 1, 'bc8781b376', 1552856400),
(318, 129, 1000, 1, 1, '4d7ab2a859', 1552856400),
(319, 185, 5000, 2, 2, '9f841d15f2', 1552856400),
(320, 185, 500, 2, 1, 'db99cd4926', 1552856400),
(321, 93, 3000, 2, 1, '47b31c7dfc', 1552856400),
(322, 186, 5000, 2, 2, 'b1ca8b0d14', 1552856400),
(323, 186, 500, 2, 1, 'caeab0d023', 1552856400),
(324, 65, 500, 1, 1, '36d492f7b9', 1552856400),
(325, 40, 1000, 1, 1, '5cd59002b3', 1553029200),
(326, 143, 3000, 2, 1, '4806f6d88a', 1553115600),
(327, 31, 500, 1, 1, '4b7b08bdf2', 1553202000),
(328, 27, 2500, 1, 1, 'bf1e790faa', 1553374800),
(329, 28, 2500, 1, 1, '9e5a448e1b', 1553374800),
(330, 158, 1000, 1, 2, '6c01368ce7', 1553461200),
(331, 158, 1600, 1, 1, 'b5d51fdc98', 1553461200),
(332, 116, 500, 2, 1, '0d34f79d48', 1553461200),
(333, 128, 2000, 1, 1, 'f50c414f39', 1553547600),
(334, 127, 5000, 2, 2, 'eb3a40ca39', 1553634000),
(335, 127, 500, 2, 1, '4626492f2c', 1553634000),
(336, 47, 2000, 1, 1, 'db01dfe733', 1553720400),
(337, 97, 500, 1, 1, '37a97956e1', 1553720400),
(338, 1, 1000, 1, 1, '6288515d51', 1553720400),
(339, 38, 1000, 1, 1, 'a4f77dc60b', 1553720400),
(340, 9, 600, 1, 2, 'a7958f9691', 1553806800),
(341, 33, 1000, 1, 1, '42241665a0', 1553893200),
(342, 14, 500, 3, 1, '306adbf418', 1553806800),
(343, 15, 500, 3, 1, '6c655b1d3d', 1553806800),
(344, 144, 2000, 2, 1, '9201cd8641', 1551992400),
(345, 168, 500, 2, 2, '2a4ece37a5', 1554066000),
(346, 129, 1500, 1, 1, '8e142873cb', 1554066000),
(347, 51, 500, 2, 1, '4755b8ae66', 1554066000),
(348, 165, 1000, 1, 1, '6ab706804e', 1554152400),
(349, 164, 500, 1, 1, 'f092d0db34', 1554152400),
(350, 166, 500, 1, 1, 'a9f1d7d778', 1554152400),
(351, 2, 1000, 1, 1, 'ff5352eee6', 1554152400),
(352, 153, 2000, 1, 1, '4215e07ae1', 1554238800),
(353, 9, 600, 1, 1, 'f534cdb74c', 1554238800),
(354, 129, 1000, 1, 1, '82cf8faa07', 1554325200),
(355, 180, 4200, 2, 1, '2392996fde', 1554411600),
(356, 100, 500, 1, 2, '8eee38da7a', 1554411600),
(357, 100, 500, 1, 1, '21ca7a27b7', 1554411600),
(358, 17, 1000, 1, 1, 'bd1d3ca398', 1554411600),
(359, 153, 5000, 2, 1, '3acc0b66cc', 1554498000),
(360, 62, 2000, 1, 1, '76d2eab577', 1554584400),
(361, 177, 750, 1, 1, '72b0033233', 1554584400),
(362, 1, 2000, 1, 1, '421617c1fe', 1554584400),
(363, 173, 500, 1, 2, '659af8058c', 1554584400),
(364, 173, 500, 1, 1, 'e51e235311', 1554584400),
(365, 129, 1000, 1, 1, '8d96f3fa69', 1554670800),
(366, 161, 500, 1, 1, '81bb96c43a', 1554670800),
(367, 65, 1000, 1, 1, '5e9b293bd4', 1554670800),
(368, 183, 500, 2, 1, 'b557141a21', 1554757200),
(369, 3, 500, 1, 1, '1bbf0b305d', 1554757200),
(370, 1, 2000, 1, 1, 'b554720056', 1554757200),
(371, 175, 500, 1, 1, '9346ce3f37', 1554757200),
(374, 175, 500, 1, 2, '1d5d25d64b', 1554757200),
(375, 56, 1000, 2, 1, '4814b1662d', 1554843600),
(377, 185, 2000, 1, 1, '888d4bada5', 1554930000),
(378, 93, 1000, 1, 1, '59d37d5af1', 1554930000),
(379, 188, 5000, 1, 2, '37dd49b631', 1554930000),
(380, 188, 1000, 1, 1, '366ae67733', 1554930000),
(381, 128, 2000, 1, 1, '813bda5215', 1554930000),
(382, 158, 1000, 1, 2, 'c3ccc76557', 1554930000),
(383, 158, 500, 1, 1, '7957049d1c', 1554930000),
(384, 187, 200, 1, 1, '54024f6855', 1555016400),
(385, 75, 500, 1, 1, 'a0bc6008e7', 1555016400),
(386, 24, 500, 1, 1, '29bb70bda3', 1555016400),
(387, 34, 500, 1, 1, '32447c3ea3', 1555016400),
(388, 142, 500, 1, 1, 'd75304dffc', 1555016400),
(389, 167, 1000, 2, 1, '12cbb6f7b2', 1555016400),
(390, 1, 1000, 1, 1, 'd908dab3af', 1555189200),
(391, 159, 1000, 1, 2, '7625b83848', 1555275600),
(396, 9, 1200, 1, 1, 'b5d4afd1b6', 1555275600),
(397, 80, 500, 2, 2, 'c09a423bd2', 1555102800),
(398, 53, 5000, 1, 1, 'e434ecc187', 1555448400),
(399, 126, 1000, 2, 1, 'a6fc72a24d', 1555448400),
(400, 39, 30000, 1, 1, '1341df24f3', 1555448400),
(401, 154, 2000, 1, 1, 'bd9ab5f619', 1555448400),
(402, 129, 1000, 1, 1, '44e3e5b208', 1555534800),
(403, 9, 600, 1, 1, '911b70e123', 1555880400),
(404, 129, 2000, 1, 1, '571c6f6b16', 1555966800),
(405, 80, 500, 1, 2, '3bdda9dedb', 1555966800),
(406, 141, 2000, 2, 1, '08e1f6a739', 1556053200),
(407, 2, 500, 1, 1, 'a23c8e0f57', 1556485200),
(409, 38, 500, 1, 2, '4991a61006', 1556571600),
(410, 38, 500, 1, 1, 'edb37cfeae', 1556571600),
(411, 128, 2000, 1, 1, '92623c9998', 1556571600),
(412, 31, 500, 1, 1, '5d3913a30d', 1556571600),
(413, 180, 15300, 2, 1, '29cf839d47', 1556571600),
(414, 92, 1000, 2, 2, '71b169ef4f', 1554584400),
(415, 92, 1000, 2, 1, 'cb9bde85b7', 1554584400),
(416, 45, 500, 2, 1, 'bd7bdd031c', 1554066000),
(417, 137, 500, 2, 1, '3ae0653619', 1555189200),
(418, 143, 1000, 2, 1, '68009d3e85', 1555275600),
(419, 141, 2000, 2, 1, '4a9a33ee5d', 1556485200),
(420, 14, 1500, 3, 1, 'e4ded7d090', 1556571600),
(421, 15, 500, 3, 1, '1fe84e72dc', 1556571600),
(422, 116, 500, 2, 1, '9ee819a751', 1556485200),
(423, 129, 2000, 1, 1, '104ce07abd', 1555275600),
(424, 52, 200, 1, 1, '5a724715bb', 1556744400),
(425, 51, 700, 2, 1, '15982fbee1', 1556744400),
(426, 186, 2000, 1, 1, '784d761ffc', 1556830800),
(427, 9, 600, 1, 2, '4637060027', 1556830800),
(428, 128, 6000, 1, 1, '5a0f3fbe2c', 1556830800),
(429, 1, 1000, 1, 1, '974b53f5c3', 1556830800),
(430, 173, 1000, 1, 2, '16243b3040', 1556830800),
(431, 170, 500, 1, 1, 'fbc01285f8', 1557090000),
(432, 129, 1000, 1, 1, '77281e7f14', 1557090000),
(433, 181, 6000, 1, 1, '28aac7c320', 1557090000),
(434, 181, 1000, 1, 2, '0d190cf541', 1557090000),
(435, 1, 1000, 1, 1, 'a68d6a98a7', 1557090000),
(436, 174, 500, 1, 1, '70f18e5006', 1557090000),
(437, 174, 500, 1, 2, '62d286bbe0', 1557090000),
(438, 175, 500, 1, 1, 'b61b86c924', 1557090000),
(439, 175, 500, 1, 2, '554ec93322', 1557090000),
(441, 28, 2500, 1, 1, 'ff6e66b300', 1557176400),
(442, 165, 1000, 1, 1, '3db22de837', 1557176400),
(443, 27, 2500, 1, 1, 'f1d53de464', 1557176400),
(444, 164, 500, 1, 1, '193f8e0fd2', 1557176400),
(445, 166, 500, 1, 1, 'd1ee39fca3', 1557176400),
(446, 33, 1000, 1, 1, '94b5566422', 1557176400),
(447, 75, 500, 1, 1, 'ee4de64273', 1557176400),
(448, 142, 500, 1, 1, 'e992eefd59', 1557176400),
(449, 24, 500, 1, 1, '053cdaf08c', 1557176400),
(450, 34, 500, 1, 1, '4165547387', 1557176400),
(451, 56, 1000, 2, 1, '4e752d76b4', 1557262800),
(453, 93, 2000, 2, 1, '35f06bf642', 1557262800),
(454, 185, 3000, 2, 1, '0d15944d59', 1557262800),
(455, 30, 8500, 1, 1, 'e5c9218177', 1557349200),
(456, 167, 1000, 2, 1, '39a9a06d17', 1557349200),
(457, 48, 1000, 1, 1, 'ab47723bcb', 1557349200),
(458, 53, 5000, 1, 1, 'e17ffd0331', 1557349200),
(459, 43, 10000, 3, 1, '6ffafa1b16', 1557435600),
(460, 9, 600, 1, 1, 'b37d610bb6', 1557435600),
(461, 51, 1500, 2, 1, 'c96d0103f6', 1557262800),
(462, 161, 500, 1, 1, 'ba93e2df1a', 1557435600),
(463, 33, 3000, 2, 1, '57665e55f9', 1557694800),
(464, 137, 500, 2, 1, '0687a55d35', 1557694800),
(465, 2, 500, 1, 1, '440484d4e7', 1557781200),
(466, 44, 16000, 3, 1, '0aed87d8fc', 1557781200),
(467, 58, 1000, 1, 1, '5f074e5971', 1557781200),
(468, 155, 5200, 1, 1, '4e3c3c8425', 1557867600),
(469, 190, 150, 2, 2, '0734b70f23', 1557867600),
(470, 190, 2000, 2, 1, '8f573ae21e', 1557867600),
(471, 58, 2000, 1, 1, 'de60493f4e', 1558040400),
(472, 185, 5000, 2, 1, '9cef960e4d', 1558040400),
(473, 65, 500, 1, 1, 'e1954b3b9c', 1558040400),
(474, 124, 500, 1, 1, 'f6ba483c30', 1558126800),
(475, 9, 600, 1, 2, '4601519123', 1558126800),
(476, 1, 1000, 1, 1, 'f006e40e1e', 1558299600),
(477, 94, 1000, 1, 1, 'fe469f87ee', 1558299600),
(478, 51, 500, 2, 1, '0e2781fb5a', 1558299600),
(480, 15, 500, 3, 1, 'a1591c2578', 1558299600),
(481, 144, 500, 2, 2, '067feaf32f', 1558386000),
(482, 40, 1000, 1, 1, 'ff371be94c', 1558558800),
(483, 129, 1000, 1, 1, '2b127e803d', 1558558800),
(484, 188, 1000, 1, 1, '8ba8ce5a13', 1558645200),
(485, 193, 1500, 2, 2, 'cf5b976e8a', 1558818000),
(486, 193, 2150, 2, 1, '4b9519de63', 1558818000),
(487, 193, 1000, 2, 2, '213a03d1dd', 1558904400),
(488, 193, 4000, 2, 1, '2fa8ea89d3', 1558904400),
(489, 153, 500, 1, 1, '54ce72455e', 1558904400),
(490, 45, 14030, 2, 1, 'e3ebb63f2d', 1558990800),
(491, 9, 600, 1, 1, '1310b2d447', 1559077200),
(492, 183, 500, 2, 1, '2dbd46ed88', 1559250000),
(493, 116, 500, 2, 1, 'd12e99b1f3', 1559163600),
(494, 184, 1500, 2, 1, '09cad9f189', 1559250000),
(495, 92, 2000, 2, 1, '49f248b068', 1558904400),
(496, 144, 1500, 2, 1, '892c37ad02', 1558472400),
(497, 168, 500, 2, 2, 'c0d1ecd7f3', 1556830800),
(498, 159, 1000, 2, 2, '9a16b18333', 1556744400),
(499, 14, 1500, 3, 1, '4d3c61142c', 1558299600),
(500, 38, 1000, 1, 1, '13cfeca0de', 1559509200),
(501, 9, 600, 1, 2, '3a43c4341b', 1559509200),
(502, 17, 1000, 1, 1, '295f7ed6d5', 1559595600),
(503, 193, 1000, 2, 1, '5307356264', 1559595600),
(504, 99, 1500, 1, 1, 'e658d9f8b5', 1559595600),
(505, 168, 500, 2, 2, 'b24757fbfd', 1559682000),
(506, 141, 5000, 3, 1, '4f37956e43', 1559682000),
(507, 190, 16000, 2, 1, '21be1c9554', 1559682000),
(508, 190, 1000, 2, 2, '39a4c6b850', 1559682000),
(509, 167, 5000, 2, 1, 'e69a010478', 1559768400),
(510, 193, 500, 2, 2, 'ae0c2efd95', 1559854800),
(511, 193, 2000, 2, 1, 'cf2cae86b9', 1559854800),
(512, 100, 500, 1, 1, '68a00275b0', 1560114000),
(513, 100, 500, 1, 2, '97183f3224', 1560114000),
(514, 9, 600, 1, 1, '19dc085e1b', 1560114000),
(515, 161, 500, 1, 1, 'aba4efd1c0', 1560114000),
(516, 129, 1000, 1, 1, '42e26d8f85', 1560373200),
(517, 182, 4000, 2, 2, 'bbc39e756b', 1560459600),
(518, 182, 6000, 2, 1, 'b92172f0c3', 1560459600),
(519, 193, 1000, 2, 1, '604e5d4a61', 1560459600),
(520, 193, 1000, 2, 2, '42c8685f45', 1560459600),
(521, 51, 700, 2, 1, '3f911ced5c', 1560459600),
(522, 165, 1000, 1, 1, '9b42e90c93', 1560459600),
(523, 164, 500, 1, 1, '95475a9bcc', 1560459600),
(524, 166, 500, 1, 1, 'd59f7cb671', 1560459600),
(525, 98, 500, 1, 1, 'c4fa0b688c', 1560459600),
(526, 98, 500, 1, 2, '2edc98f605', 1560459600),
(527, 27, 2500, 1, 1, '530139f258', 1560546000),
(528, 28, 2500, 1, 1, '03a3ed57e1', 1560546000),
(529, 65, 500, 1, 1, 'bfd6986ba8', 1560718800),
(530, 129, 1000, 1, 1, '3238973b96', 1560718800),
(531, 43, 11500, 3, 1, 'f732c00fb4', 1560718800),
(532, 1, 2000, 1, 1, '2c08c6c8ec', 1560805200),
(533, 62, 2000, 1, 1, '383799edb1', 1560805200),
(534, 140, 1500, 1, 1, '7d9382636e', 1560805200),
(536, 188, 1000, 1, 1, '829fe05657', 1560805200),
(537, 56, 2000, 1, 1, '7a549245be', 1560805200),
(538, 9, 600, 1, 1, 'a7b4cd62c5', 1560805200),
(539, 9, 600, 1, 2, '7a5272e16d', 1560805200),
(540, 39, 1000, 1, 1, 'e4605bdac1', 1560978000),
(541, 155, 1000, 1, 1, '77104b3cbb', 1560978000),
(542, 154, 5000, 1, 1, '9db94f7fc7', 1560978000),
(543, 30, 500, 1, 1, '38aa41d08f', 1560978000),
(544, 47, 1000, 1, 1, '12601a1dac', 1560978000),
(545, 124, 1000, 1, 1, '0d36bcaf87', 1561064400),
(546, 47, 1000, 1, 1, '2e1dbbc013', 1561064400),
(547, 197, 650, 1, 2, 'd054be3e16', 1561064400),
(548, 198, 650, 1, 2, '837e4b1742', 1561064400),
(549, 51, 1000, 2, 1, '84e9873aad', 1561323600),
(550, 198, 400, 2, 1, '78d6e09fa3', 1561323600),
(551, 194, 500, 2, 2, 'a9a31d56be', 1561323600),
(552, 194, 1000, 2, 1, 'c59b86db73', 1561323600),
(553, 9, 600, 1, 1, 'f421f7550c', 1561323600),
(554, 129, 1000, 1, 1, '3d0c3eaec8', 1561323600),
(555, 40, 1000, 1, 1, '7f7b4ea7bf', 1561323600),
(556, 189, 500, 1, 1, '5cd37e48de', 1561323600),
(557, 161, 500, 1, 1, '6f13d3df4d', 1543784400),
(561, 161, 500, 1, 2, '6f66e6aaa2', 1543784400),
(564, 60, 3000, 1, 2, '30a5393524', 1543870800),
(565, 60, 2000, 1, 1, '80fb96f75e', 1543870800),
(566, 67, 2500, 1, 2, '8007731e8d', 1543870800),
(567, 67, 500, 1, 1, '7f65e8de74', 1543870800),
(568, 97, 1450, 2, 1, '50a6b51f68', 1543870800),
(569, 161, 4500, 1, 2, '1d34672ce2', 1543870800),
(570, 161, 2500, 1, 1, 'a75871e3d4', 1543870800),
(571, 38, 1000, 1, 2, '4e05c4ecff', 1543957200),
(572, 80, 1500, 2, 2, '130573bcda', 1543870800),
(573, 48, 1500, 2, 2, 'b81deef1c1', 1543957200),
(574, 48, 500, 2, 1, '9390b69825', 1543957200),
(575, 7, 500, 1, 1, '8142814f34', 1543957200),
(576, 7, 500, 1, 2, '3be733ab05', 1543957200),
(577, 163, 500, 1, 1, 'a734007d5a', 1543957200),
(578, 6, 4000, 2, 2, '926ffc79b8', 1544043600),
(580, 6, 15500, 2, 1, '3529e34429', 1544043600),
(582, 123, 2000, 2, 2, 'bbe0826a0f', 1544043600),
(583, 123, 450, 2, 1, '1e260711c3', 1544043600),
(584, 106, 5000, 1, 2, '43f3b4cc92', 1544475600),
(585, 106, 1000, 1, 1, '9674e22b26', 1544475600),
(587, 123, 200, 2, 1, 'dd270bbc4d', 1543957200),
(588, 69, 1600, 2, 2, '4c387df06f', 1544475600),
(589, 69, 500, 2, 1, '3f1921905f', 1544475600),
(590, 43, 500, 2, 1, 'd14a29d59f', 1544562000),
(592, 44, 1500, 2, 1, '648cd705e8', 1544562000),
(593, 137, 14000, 2, 1, 'd800b454b6', 1544562000),
(594, 40, 2000, 1, 2, 'b65172b5f3', 1544648400),
(595, 27, 2500, 2, 1, 'd5cf935413', 1544648400),
(596, 28, 2500, 2, 1, 'a9725af749', 1544648400),
(597, 52, 200, 1, 2, '053a0d2e5b', 1544821200),
(598, 94, 1000, 1, 1, 'e030c96942', 1544907600),
(599, 2, 500, 1, 1, '6d01731f59', 1544907600),
(600, 3, 1000, 1, 1, '0716f32b29', 1544994000),
(601, 99, 4500, 1, 2, '799433c8ad', 1544994000),
(602, 31, 2000, 1, 1, '219401129d', 1544994000),
(603, 54, 600, 1, 1, 'd5c716e341', 1544994000),
(604, 164, 4000, 1, 2, '33da86e09c', 1545166800),
(605, 164, 500, 1, 1, '9f37c9883b', 1545166800),
(606, 165, 4000, 1, 2, '8114a8ad36', 1545166800),
(607, 165, 500, 1, 1, '5a9ab0c254', 1545166800),
(608, 166, 4000, 1, 2, 'd6105fbc93', 1545166800),
(609, 166, 500, 1, 1, '0c1194fa8c', 1545166800),
(610, 153, 1000, 1, 2, '5f902e0c48', 1545166800),
(611, 153, 500, 1, 1, '751152b5c8', 1545166800),
(612, 24, 4500, 1, 2, 'd9c8080f37', 1545253200),
(613, 24, 500, 1, 1, 'ffe649d56e', 1545253200),
(617, 1, 2500, 1, 1, 'a8e3585a6b', 1545339600),
(618, 47, 2000, 2, 2, '93648d9033', 1545339600),
(619, 47, 1000, 2, 1, 'c4d7391549', 1545339600),
(620, 139, 1000, 1, 2, '73d7f228eb', 1543438800),
(621, 139, 500, 1, 1, '331975ef44', 1543438800),
(622, 143, 5000, 2, 1, '4746842373', 1543525200),
(624, 160, 500, 1, 1, '6e5cfc5945', 1543784400),
(627, 62, 1500, 1, 1, 'a7576d9599', 1543870800),
(644, 75, 1000, 2, 1, 'dc32baec33', 1540846800),
(647, 2, 1400, 1, 1, '200c100036', 1541019600),
(648, 3, 1000, 1, 1, 'b3cc416eeb', 1541019600),
(649, 153, 1000, 1, 2, '7619a9d047', 1541365200),
(650, 153, 500, 1, 1, '51426ed280', 1541365200),
(651, 38, 500, 1, 1, '75fced6cf4', 1541365200),
(652, 123, 500, 2, 1, 'd6ebd4be47', 1541365200),
(653, 97, 2000, 2, 2, 'c9f824849a', 1541451600),
(654, 65, 500, 1, 2, '0052a04751', 1541538000),
(655, 65, 500, 1, 1, '1df2f7a736', 1541538000),
(656, 148, 1000, 2, 1, 'a01adb52b8', 1541538000),
(658, 63, 500, 1, 1, '71291defe4', 1541624400),
(659, 64, 500, 1, 1, '0b0d94d916', 1541624400),
(662, 15, 1000, 3, 2, '963512cbde', 1539896400),
(663, 15, 500, 3, 1, '4446210857', 1539896400),
(664, 56, 500, 2, 1, 'a3077c95d1', 1541624400),
(665, 97, 500, 2, 1, 'ec1d4500e6', 1541278800),
(666, 68, 800, 2, 2, '73534fbfdc', 1541710800),
(667, 76, 1000, 1, 1, '16976ed4eb', 1541797200),
(668, 145, 500, 1, 1, '0d7b5da020', 1541797200),
(669, 43, 1500, 2, 1, 'f4bec10e35', 1541797200),
(670, 44, 1000, 2, 1, '043ed87676', 1541797200),
(671, 52, 300, 2, 1, '3425d096c8', 1541192400),
(673, 48, 500, 1, 2, 'ee779d57d1', 1541797200),
(674, 48, 500, 1, 1, '7df6f361ca', 1541797200),
(675, 126, 1000, 2, 1, '2a6977cf8c', 1541797200),
(676, 69, 1000, 2, 1, 'c1e8e6e5fb', 1541797200),
(677, 137, 15000, 2, 1, 'b69e844fb0', 1541970000),
(678, 80, 1000, 2, 1, '1761792d33', 1541192400),
(679, 124, 1500, 2, 2, 'cac7474db5', 1542056400),
(680, 93, 1000, 2, 1, 'd4f8649f41', 1542056400),
(681, 140, 2000, 2, 1, '3edfc2af75', 1542056400),
(682, 141, 500, 2, 2, '622eeeaae4', 1542056400),
(684, 129, 1000, 1, 2, 'de95ad796d', 1542229200),
(685, 129, 500, 1, 1, '07fcadb00d', 1542229200),
(690, 97, 500, 2, 1, 'ccce28daa0', 1542315600),
(692, 65, 1000, 1, 2, 'c20de0cfd6', 1542661200),
(693, 65, 500, 1, 1, '05a5defc7c', 1542661200),
(694, 10, 5000, 1, 2, '8b21c91887', 1542834000),
(695, 10, 12500, 1, 1, 'b08c65c298', 1542834000),
(696, 1, 5000, 1, 2, '58b17c1542', 1529182800),
(697, 1, 500, 1, 1, '1477375c7d', 1529182800),
(699, 6, 500, 1, 2, '3227ac724f', 1529182800),
(700, 7, 500, 1, 1, '05a86e67bf', 1529182800),
(701, 7, 500, 1, 2, 'd75ee6050e', 1529182800),
(702, 8, 500, 1, 2, '3bfaadb5a8', 1529182800),
(703, 9, 1000, 1, 2, '43cdba63ec', 1529182800),
(704, 9, 500, 1, 1, 'aef02a481f', 1529182800),
(738, 31, 2000, 1, 2, '13a206a736', 1529182800),
(739, 43, 5000, 1, 2, 'f079dedc89', 1529442000),
(740, 43, 500, 1, 1, '6ae7cc31f7', 1529442000),
(741, 44, 5000, 1, 2, '31516a7f8d', 1529442000),
(742, 44, 500, 1, 1, '1b7954ba9f', 1529442000),
(743, 45, 200, 1, 2, '82b30b0c8b', 1529442000),
(744, 45, 500, 1, 1, '51682da5a6', 1529442000),
(745, 48, 1500, 1, 2, 'c885e6241a', 1529442000),
(746, 48, 500, 1, 1, '910ad23265', 1529442000),
(747, 49, 200, 1, 1, '18756c300b', 1529442000),
(748, 51, 2000, 1, 2, '234c3fcdc3', 1529528400),
(749, 51, 500, 1, 1, '7ebe1212b3', 1529528400),
(752, 56, 500, 1, 2, '0fda99c7b0', 1530046800),
(753, 57, 500, 1, 2, 'b1fc384e21', 1530046800),
(754, 1, 1300, 1, 1, '68d94a566d', 1530046800),
(755, 58, 5000, 1, 2, 'da91c935d6', 1530046800),
(756, 58, 500, 1, 1, '109d477b90', 1530046800),
(757, 60, 500, 1, 2, 'eaf86ac2c0', 1530046800),
(758, 59, 500, 1, 2, 'd8a89324e0', 1530046800),
(759, 61, 500, 1, 2, 'e1e812efb2', 1530046800),
(760, 62, 500, 1, 2, '5b0e36e6c9', 1530046800),
(761, 63, 500, 1, 2, 'f72520fe2e', 1530046800),
(763, 64, 500, 1, 2, '97d424f018', 1530046800),
(765, 65, 500, 1, 2, 'eaacd72307', 1530046800),
(766, 2, 500, 1, 2, '95060fe324', 1530046800),
(767, 3, 500, 1, 2, 'fc99b77819', 1530046800),
(768, 66, 5000, 1, 2, 'fd72df96a9', 1530133200),
(771, 6, 500, 1, 1, '9e7478ffc4', 1529182800),
(772, 85, 5000, 1, 2, '2f43cdc6e2', 1530392400),
(773, 85, 1500, 1, 1, '0ec80b9431', 1530392400),
(774, 86, 5000, 1, 2, '2728b87f01', 1530392400),
(775, 86, 1500, 1, 1, 'e54800f55c', 1530392400),
(776, 93, 1000, 1, 2, '1ea6676070', 1530392400),
(777, 23, 500, 1, 2, '220423d0a2', 1530392400),
(781, 113, 500, 1, 1, 'c948725c5f', 1532638800),
(782, 113, 500, 1, 2, '0522c4c1b1', 1532638800),
(783, 75, 1500, 3, 2, 'c37ee7a975', 1532638800),
(784, 75, 500, 3, 1, 'cb7c8ad440', 1532638800),
(786, 124, 1000, 1, 1, 'b150a38a16', 1532898000),
(788, 124, 1000, 1, 2, 'c513c41705', 1532898000),
(789, 26, 4000, 1, 2, '527979d2c6', 1532898000),
(790, 128, 1000, 1, 1, '57cf21073f', 1533070800),
(791, 128, 1000, 1, 2, '86a022f6c3', 1533070800),
(792, 135, 2000, 1, 1, 'a3c4ec43e9', 1533157200),
(793, 129, 1000, 1, 1, '80be79c8b0', 1533157200),
(794, 80, 500, 1, 2, '9e2c6831c9', 1533157200),
(795, 80, 1000, 1, 1, '0d809bd139', 1533157200),
(796, 73, 1000, 1, 1, '065c037a0b', 1533157200),
(797, 2, 1000, 1, 2, 'a78e0ecfcd', 1533243600),
(798, 2, 500, 1, 1, 'c8b8f06565', 1533243600),
(799, 112, 2000, 1, 1, '5f1cf83ba2', 1533243600),
(800, 61, 200, 1, 1, 'd0a9f862f9', 1533589200),
(801, 116, 2000, 2, 2, '9ddc7bc2b3', 1533589200),
(802, 116, 1000, 2, 1, '3da4dcd1d7', 1533589200),
(803, 135, 2000, 1, 1, '7d664668a7', 1533762000),
(804, 66, 5800, 1, 1, '4dcfefbc53', 1533762000),
(805, 52, 200, 1, 2, '0b40d7e64d', 1533762000),
(806, 93, 1000, 1, 1, '973f58cc99', 1533848400),
(807, 137, 5000, 3, 1, '7cb0a5d35e', 1533848400),
(808, 137, 5000, 3, 2, '64041a8a41', 1533848400),
(809, 64, 500, 1, 2, '4feb074ecf', 1534107600),
(810, 63, 500, 1, 2, '4f69c60d27', 1534107600),
(811, 26, 1000, 1, 1, '1f28a490f3', 1534194000),
(812, 100, 500, 1, 1, '5025bfd48c', 1534194000),
(813, 100, 500, 1, 2, '7114b3fc9a', 1534194000),
(814, 38, 500, 1, 1, '8516e50837', 1534194000),
(815, 38, 500, 1, 2, '71b2253eee', 1534194000),
(816, 1, 2000, 3, 1, 'f287c9e5c7', 1534366800),
(817, 62, 1000, 3, 1, '65a23f069a', 1534366800),
(818, 62, 1000, 3, 2, 'aef0fd6553', 1534366800),
(819, 69, 500, 3, 2, 'f4eee42e98', 1534366800),
(820, 26, 500, 3, 1, '84a0bf2470', 1534366800),
(822, 94, 4000, 2, 2, '781c4b9e48', 1534366800),
(823, 94, 400, 2, 1, '12d483028b', 1534366800),
(824, 123, 500, 2, 2, '7764d08f6e', 1534366800),
(825, 3, 2000, 1, 2, 'c71136bd18', 1534366800),
(826, 3, 2000, 1, 1, '0ba154e905', 1534366800),
(827, 48, 500, 1, 1, '09901efca9', 1534453200),
(828, 48, 500, 1, 2, '58199216c7', 1534453200),
(829, 138, 1000, 1, 2, 'ad424612fe', 1534712400),
(831, 140, 1000, 1, 2, '06b109d359', 1534971600),
(832, 141, 500, 1, 1, '015f828e56', 1534971600),
(833, 43, 1000, 2, 1, 'df9b9737d0', 1535058000),
(834, 44, 500, 2, 1, '8badcd0805', 1535058000),
(835, 69, 500, 3, 2, '653801367b', 1535058000),
(836, 69, 500, 3, 1, '4331d26272', 1535058000),
(838, 2, 500, 1, 1, '6eeebeab7d', 1535144400),
(839, 3, 500, 1, 1, 'f78677d8fc', 1535144400),
(840, 1, 500, 1, 1, 'f122c66c04', 1535144400),
(841, 65, 500, 1, 1, 'cbb551e0a9', 1535144400),
(842, 76, 500, 1, 2, '4053f21b0f', 1535144400),
(843, 76, 1000, 1, 1, 'bc4fd92377', 1535144400),
(844, 27, 2500, 2, 1, '11c5edc446', 1535144400),
(845, 28, 2500, 2, 1, 'defdd47549', 1535144400),
(846, 20, 1000, 2, 2, 'abafca9e6c', 1535230800),
(847, 20, 500, 2, 1, '2a515db0fe', 1535230800),
(848, 143, 3000, 2, 2, '0a97083db8', 1535490000),
(849, 65, 1000, 1, 2, '2ea9956d5b', 1535490000),
(850, 143, 2000, 2, 2, 'a4e342e028', 1535576400),
(851, 143, 3000, 2, 1, '41e56152d7', 1535576400),
(852, 33, 1000, 2, 1, '36e8c9dd6e', 1535662800),
(853, 144, 500, 1, 2, '9971551bd3', 1535749200),
(854, 144, 500, 1, 1, '2dbc8ffc30', 1535749200),
(855, 145, 500, 1, 2, '12ca7be839', 1535749200),
(856, 80, 500, 2, 2, '6dba9c79aa', 1535835600),
(857, 80, 500, 2, 1, '4fb15c1650', 1535835600),
(858, 38, 500, 1, 2, '5fd2b46013', 1535922000),
(859, 84, 1000, 1, 2, 'd42c0ead92', 1535922000),
(860, 92, 1000, 1, 2, '65b0365f26', 1535922000),
(861, 2, 1000, 3, 2, '32f3322705', 1536008400),
(862, 2, 1000, 3, 1, '1a2278831a', 1536008400),
(863, 142, 500, 2, 2, 'a36bc86acc', 1536008400),
(864, 142, 500, 2, 1, '762b72af4b', 1536008400),
(865, 51, 1000, 2, 1, '7c8d7dbb01', 1536094800),
(866, 65, 500, 1, 2, '053d486c1a', 1536181200),
(867, 138, 1000, 1, 2, '3fb54671ee', 1536181200),
(868, 138, 1000, 1, 1, '5d97f99a9b', 1536181200),
(869, 115, 500, 1, 2, '6310691a79', 1536181200),
(870, 115, 500, 1, 1, '6137e63c91', 1536181200),
(871, 113, 500, 1, 2, 'cab44fbe2c', 1536181200),
(872, 113, 500, 1, 1, 'ad8e3cd2c6', 1536181200),
(875, 100, 500, 1, 1, 'a70fe526f1', 1536526800),
(876, 100, 500, 1, 2, '14278d54f3', 1536526800),
(877, 14, 1000, 3, 2, '2b4a9e9fa3', 1536613200),
(878, 14, 500, 3, 1, '3906edb22b', 1536613200),
(879, 15, 1000, 3, 2, 'e25693de2f', 1536613200),
(880, 15, 500, 3, 1, '4e48938e7e', 1536613200),
(881, 143, 10000, 2, 1, '785ccce9e9', 1536613200),
(882, 137, 10000, 3, 1, 'fb563dc695', 1536613200),
(886, 128, 1000, 1, 1, '619dd9f96c', 1534885200),
(887, 128, 1000, 1, 2, 'fc960ddb1a', 1534885200),
(888, 1, 1000, 1, 1, '983b522e2c', 1536699600),
(889, 1, 500, 1, 1, '3f13ebd12b', 1536786000),
(890, 67, 2500, 1, 1, 'df67f8bd92', 1536786000),
(891, 96, 3000, 1, 2, 'd1444eb03a', 1536872400),
(892, 38, 500, 1, 2, '8ae40cd6c2', 1536958800),
(893, 76, 500, 1, 1, 'dd87ba5919', 1537045200),
(894, 76, 500, 1, 2, '6b85cdec8e', 1537045200),
(895, 145, 500, 1, 1, 'ad9ef156a8', 1537045200),
(896, 145, 500, 1, 2, 'a134b92d90', 1537045200),
(897, 123, 500, 3, 1, '9d6765253f', 1535749200),
(898, 123, 500, 3, 2, '65c890c3df', 1535749200),
(899, 33, 1000, 2, 1, 'a416ce22e7', 1537390800),
(900, 26, 1000, 2, 1, 'dc7d781ce3', 1537390800),
(901, 140, 4000, 1, 2, '7fb72da0e5', 1537390800),
(902, 140, 1000, 1, 1, '1077c22706', 1537390800),
(903, 141, 500, 1, 1, '4822b07263', 1537390800),
(904, 93, 1500, 1, 1, '5ffbfaf7c6', 1537390800),
(905, 124, 500, 3, 1, '468bc0dca5', 1537390800),
(906, 69, 500, 2, 1, 'fc5aecf4ab', 1537477200),
(907, 69, 500, 2, 2, 'e35bb22f1d', 1537477200),
(908, 130, 1000, 2, 2, '21a0cf4211', 1537822800),
(909, 39, 3000, 2, 2, '986e1d2674', 1537822800),
(910, 39, 2000, 2, 1, '136283c4a1', 1537822800),
(911, 64, 500, 1, 2, 'a14c833ae1', 1537909200),
(912, 63, 500, 1, 2, '7f8238521b', 1537909200),
(913, 24, 500, 3, 1, '6ae286a4ae', 1538168400),
(914, 34, 500, 3, 1, '8341e12a39', 1538168400),
(915, 75, 500, 3, 1, '131aff6a6e', 1538168400),
(916, 45, 2500, 3, 2, 'ab31025ccb', 1538254800),
(917, 45, 2500, 3, 1, '7668e6b670', 1538254800),
(918, 45, 2000, 3, 2, 'aa86cbd9d0', 1535662800),
(919, 45, 1500, 3, 1, 'f03d57cb61', 1535662800),
(920, 1, 1000, 1, 1, '7c875fde55', 1541624400),
(921, 65, 1000, 1, 1, '826333b867', 1542056400),
(922, 65, 1000, 1, 2, 'e5138e2fc1', 1542056400),
(923, 115, 1000, 1, 1, 'dd160eb086', 1542142800),
(924, 115, 1000, 1, 2, '24edbf0b87', 1542142800),
(925, 144, 500, 2, 1, '8f81573319', 1542229200),
(926, 144, 500, 2, 2, '19632ff464', 1542229200),
(927, 115, 2500, 1, 2, 'dede901d0d', 1542834000),
(928, 11, 5000, 1, 2, '11025d3edd', 1542834000),
(929, 11, 12500, 1, 1, '58960aee96', 1542834000),
(930, 135, 1000, 1, 1, 'bfd1568d74', 1542834000),
(931, 51, 2000, 2, 2, 'ed5e6c3e7c', 1542920400),
(932, 51, 1000, 2, 1, '09c38cfef6', 1542920400),
(933, 157, 500, 1, 1, '5500926b23', 1542920400),
(934, 141, 3000, 1, 2, '259e2bcb51', 1542920400),
(935, 141, 500, 1, 1, '9ebde24569', 1542920400),
(936, 140, 1500, 1, 1, '6e64f63fde', 1542920400),
(939, 60, 1000, 1, 2, '2ab15dc294', 1543093200),
(940, 84, 1000, 1, 2, 'd37a2835e7', 1543093200),
(941, 76, 1000, 1, 2, 'bd4ad48482', 1543093200),
(942, 5, 1000, 2, 2, '7d83b882ff', 1543093200),
(943, 56, 1000, 1, 1, 'e3c32666e6', 1543093200),
(944, 54, 600, 1, 2, '7594ae4df7', 1543093200),
(945, 94, 500, 2, 2, '18a1c3e4e8', 1542834000),
(946, 94, 1500, 2, 1, '0972f769cc', 1542834000),
(947, 10, 500, 1, 1, '3d4e8b519d', 1543093200),
(948, 11, 500, 1, 1, '8e7ef07478', 1543093200),
(949, 125, 1000, 1, 2, '687ff66ae9', 1543093200),
(950, 125, 500, 1, 1, 'e0953c00a7', 1543093200),
(951, 39, 1000, 1, 1, '14aea1f726', 1543093200),
(952, 155, 1000, 1, 2, '4797e638a1', 1543093200),
(953, 154, 1000, 1, 2, 'b49b08d96e', 1543093200),
(954, 17, 5000, 1, 2, '4f0ed89aea', 1543093200),
(955, 17, 3000, 1, 1, '497628d073', 1543093200),
(956, 133, 3000, 2, 1, 'b1eaa0aea1', 1543093200),
(957, 134, 3000, 2, 1, '17fe929663', 1543093200),
(958, 132, 3000, 2, 2, '6bde4d00ac', 1543093200),
(959, 132, 1000, 2, 1, '3dcb21d356', 1543093200),
(960, 87, 500, 1, 1, '845a4b7c57', 1543093200),
(961, 98, 500, 1, 1, 'f25a01ce8b', 1543093200),
(962, 158, 500, 1, 1, '8959c13887', 1543093200),
(963, 110, 5000, 3, 2, '800b6cd82a', 1543266000),
(964, 110, 5000, 3, 1, 'c91809f578', 1543266000),
(965, 151, 1000, 2, 2, '6bf09dbf74', 1542834000),
(966, 33, 2000, 1, 1, '22eecd472c', 1543352400),
(967, 116, 1000, 2, 2, 'bab02627d3', 1543352400),
(968, 116, 500, 2, 1, '52112c279f', 1543352400),
(969, 154, 2500, 1, 2, '13613dba60', 1543352400),
(970, 154, 500, 2, 1, '7de1366243', 1543352400),
(971, 155, 2500, 1, 2, 'f568b3b0dd', 1543352400),
(972, 155, 500, 1, 1, 'ff657be3b1', 1543352400),
(976, 45, 1000, 2, 1, '922bf62e69', 1543525200),
(977, 97, 500, 2, 1, '4f4d9efbf5', 1541106000),
(978, 34, 4500, 3, 2, '66f40a0a81', 1545944400),
(979, 34, 500, 3, 1, 'b1541a2390', 1545944400),
(980, 75, 2500, 3, 2, '0eaf6aebcc', 1545944400),
(981, 75, 500, 3, 1, '11d53e93e6', 1545944400),
(982, 142, 4500, 3, 2, '8010c40cd1', 1545944400),
(983, 142, 500, 3, 1, '87ef52c780', 1545944400),
(984, 33, 2000, 3, 1, '380d34356c', 1545944400),
(985, 14, 500, 3, 1, '4be37b91eb', 1545253200),
(986, 15, 500, 3, 1, '7f4dbcd291', 1545253200),
(987, 51, 1000, 2, 2, '91408e3f20', 1545598800),
(988, 51, 500, 2, 1, '54cefc319d', 1545598800),
(989, 116, 500, 2, 1, '1ba9e8ab4b', 1545944400),
(992, 80, 500, 2, 1, '6d709cfb04', 1543870800),
(993, 148, 5000, 2, 2, 'a57da2c4c6', 1538427600),
(994, 148, 500, 2, 1, '7d29f80110', 1538427600),
(995, 23, 1000, 2, 1, '9146a611c7', 1538341200),
(996, 48, 500, 2, 1, 'c96f23af74', 1538341200),
(997, 48, 500, 2, 2, '0392705e7e', 1538341200),
(998, 1, 1000, 1, 1, 'b141268b16', 1538341200),
(999, 3, 1000, 1, 1, '1122780fb6', 1538341200),
(1000, 62, 1000, 1, 1, '3d7618dc22', 1538341200),
(1001, 53, 1000, 1, 2, '00aab13e60', 1538427600),
(1002, 69, 500, 2, 1, '56ed40afa0', 1538773200),
(1003, 69, 500, 2, 2, '52dd6c0076', 1538773200),
(1004, 2, 500, 1, 2, '9cae794d02', 1538427600),
(1005, 2, 1000, 1, 1, 'bf0ef9c78c', 1538427600),
(1006, 53, 500, 1, 1, 'f264d5e9ef', 1538427600),
(1007, 80, 500, 1, 1, '2d8367e608', 1538600400),
(1008, 80, 500, 1, 2, '97f8628dfd', 1538600400),
(1009, 51, 500, 2, 1, '74cdc15a41', 1538686800),
(1010, 149, 1000, 2, 1, 'f336caf3da', 1538686800),
(1011, 149, 1000, 1, 2, 'ccbb28fc87', 1538686800),
(1012, 123, 350, 3, 1, '228e47f933', 1538686800),
(1013, 52, 500, 1, 1, '4ffdbffff6', 1538859600),
(1014, 153, 1000, 2, 2, '8055bac909', 1539032400),
(1015, 153, 500, 2, 1, 'a16ba6b08e', 1539032400),
(1016, 97, 500, 2, 1, '4d4cd94aba', 1539032400),
(1017, 126, 1000, 2, 1, '867e175856', 1539118800),
(1018, 23, 500, 2, 1, 'fdf971777e', 1539118800),
(1019, 23, 500, 2, 2, 'e790d87adc', 1539118800),
(1020, 52, 200, 1, 2, '02f8efcb43', 1539205200),
(1022, 2, 500, 1, 2, '6e751fa80f', 1539205200),
(1023, 67, 2500, 1, 2, '08fb7eb1e2', 1539205200),
(1024, 1, 1000, 3, 1, '40dd14d3d7', 1539205200),
(1025, 62, 1000, 3, 2, '4ff01f9bb2', 1539205200),
(1026, 62, 500, 3, 1, '43c8a4b0f4', 1539205200),
(1027, 137, 6000, 2, 1, 'bdbeca3b27', 1539378000),
(1028, 38, 500, 1, 2, '45b803b9f8', 1539637200),
(1029, 39, 2000, 1, 2, '987af4bad1', 1539637200),
(1030, 64, 500, 1, 1, '0813441b29', 1539637200),
(1031, 63, 500, 1, 1, '77cfb3cfca', 1539637200),
(1032, 2, 800, 1, 1, '30b53c0587', 1539723600),
(1033, 97, 500, 2, 1, '86599aa243', 1539723600),
(1034, 3, 1500, 1, 1, '363f0aaa8e', 1539723600),
(1035, 151, 500, 2, 1, 'c3abb9b230', 1539896400),
(1036, 151, 500, 2, 2, '95281acd1a', 1539896400),
(1037, 135, 1000, 1, 1, 'ca514fa472', 1539896400),
(1038, 37, 500, 2, 1, 'e1e3611ea7', 1539896400),
(1039, 37, 500, 2, 2, 'be18eb3187', 1539896400),
(1040, 100, 500, 1, 1, '398e99ec1b', 1540242000),
(1041, 100, 500, 1, 2, 'badc18f6e5', 1540242000),
(1042, 97, 500, 2, 2, 'f267b479ac', 1540155600),
(1043, 97, 500, 2, 2, '413886740f', 1539896400),
(1044, 1, 1000, 1, 1, 'a9357a6ed1', 1540501200),
(1045, 144, 500, 2, 1, 'f84d11d99d', 1540414800),
(1046, 144, 500, 2, 2, 'a82ed2ea8a', 1540414800),
(1047, 116, 1000, 2, 2, 'e1c26519c8', 1540414800),
(1048, 116, 500, 2, 1, 'feaa95a535', 1540414800),
(1049, 65, 500, 1, 1, 'bd1460dc5d', 1540501200),
(1050, 97, 500, 2, 2, 'd36aa5f7e2', 1540760400),
(1051, 73, 1000, 2, 2, 'd08587b1c9', 1540760400),
(1052, 97, 500, 2, 2, 'eaca51038c', 1540846800),
(1053, 135, 1000, 1, 1, '31171458a4', 1540846800),
(1054, 56, 4500, 2, 2, 'fd9257f1d7', 1540846800),
(1055, 56, 2500, 2, 1, '733450e44b', 1540846800),
(1056, 33, 1000, 2, 1, 'a9c57f137d', 1540846800),
(1058, 97, 500, 2, 2, '175544da56', 1540414800),
(1059, 135, 1000, 1, 1, '81b1dc83fc', 1540933200),
(1060, 14, 1000, 3, 2, 'f2f83251f3', 1539896400),
(1061, 14, 500, 3, 1, '6fb329bec5', 1539896400),
(1064, 2, 500, 1, 1, '423c5e42ba', 1539205200),
(1065, 1, 1000, 1, 1, 'f458d6703c', 1565557200),
(1066, 2, 500, 1, 1, 'cc466c675d', 1561928400),
(1067, 165, 1000, 1, 1, '51718434d4', 1561928400),
(1068, 164, 500, 1, 1, '99a873797c', 1561928400),
(1070, 116, 500, 2, 1, '40f4066e19', 1561928400),
(1071, 38, 1000, 1, 1, '62fae42c1a', 1561928400),
(1072, 9, 600, 1, 1, '75e4c398d4', 1561928400),
(1073, 183, 1000, 2, 1, 'c0906e0993', 1561928400),
(1074, 45, 270, 1, 1, '7e757c41ff', 1562014800),
(1075, 48, 500, 2, 1, '4341e271a2', 1562014800),
(1076, 1, 1000, 1, 1, 'b9b92b22f4', 1562014800),
(1077, 181, 1000, 1, 2, 'bb11ace7b5', 1562014800),
(1078, 181, 500, 1, 1, '9751448484', 1562014800),
(1079, 31, 550, 1, 1, '21c6c64525', 1562101200),
(1080, 65, 1000, 1, 1, 'fd438bb062', 1562101200),
(1081, 129, 1000, 1, 1, 'da3542f1ee', 1562187600),
(1082, 27, 2500, 1, 1, 'cbc8a9ddbf', 1562187600),
(1083, 28, 2500, 1, 1, '6cae69c4d7', 1562187600),
(1084, 62, 3000, 1, 1, '454518a34c', 1562187600),
(1086, 1, 1000, 1, 1, '2b96af0888', 1562187600),
(1087, 173, 500, 1, 1, '3cd4c1316b', 1562187600),
(1088, 1, 1000, 1, 1, '87fe42b666', 1562187600),
(1089, 51, 550, 2, 1, '59d0e978ea', 1562360400),
(1090, 167, 50, 2, 1, '5d79f5fbbd', 1562360400),
(1091, 173, 500, 1, 1, 'de597638b3', 1562360400),
(1092, 94, 1000, 1, 1, 'd59eb02a6b', 1562446800),
(1093, 43, 5000, 3, 1, 'bfbb375bed', 1562446800),
(1094, 5, 2000, 1, 1, '4d5e72e012', 1562446800),
(1095, 92, 2000, 3, 1, '14c6d7c4cb', 1562446800),
(1096, 187, 500, 2, 2, 'fac45e094b', 1562446800),
(1097, 39, 1000, 1, 1, '844e4efd98', 1562446800),
(1098, 154, 1000, 1, 1, '39bbb9babd', 1562446800),
(1100, 93, 5000, 2, 1, '6f012b6a74', 1562446800),
(1101, 9, 1000, 1, 1, 'cb14d09b61', 1562533200),
(1102, 161, 500, 1, 1, '5017515a92', 1562619600),
(1103, 158, 1000, 1, 1, '5aa68682c6', 1562619600),
(1104, 158, 1000, 1, 2, 'ad970e0ded', 1562619600),
(1105, 178, 5000, 1, 2, 'f43b4cded8', 1562706000),
(1106, 178, 1000, 1, 1, '35db049f7d', 1562706000),
(1107, 179, 4000, 1, 2, '6ded0fc004', 1562706000),
(1108, 179, 1000, 1, 1, 'fc9a4fa2c8', 1562706000),
(1109, 158, 500, 1, 2, '54548481f1', 1562706000),
(1110, 158, 10000, 1, 1, 'f1d32c3172', 1562706000),
(1111, 189, 500, 1, 2, '86ecc84369', 1562706000),
(1112, 162, 500, 2, 2, '7ba2134e2b', 1562360400),
(1113, 39, 7000, 1, 1, '3ce1b91020', 1562878800),
(1114, 47, 2000, 1, 1, '56b5610606', 1562965200),
(1115, 167, 10000, 2, 1, 'b4563b78b7', 1562965200),
(1116, 202, 5000, 2, 2, '59a93126cb', 1562878800),
(1117, 202, 8650, 2, 1, '3c1171c6fb', 1562878800),
(1118, 1, 1000, 1, 1, '7b55a80bd4', 1562965200),
(1119, 173, 1000, 1, 2, '6b90cadda8', 1562965200),
(1120, 175, 1000, 1, 1, '987020c58b', 1562965200),
(1121, 199, 500, 2, 1, '9b51b2ce81', 1563138000),
(1122, 197, 1000, 2, 1, 'ef5d91e409', 1562187600),
(1123, 190, 1000, 1, 1, 'cfa30cf9ad', 1563224400),
(1124, 1, 500, 1, 1, '2ac484d80a', 1563397200),
(1126, 177, 500, 1, 1, '294794bdd5', 1563397200),
(1127, 187, 500, 1, 2, '9fb355521c', 1563742800),
(1128, 56, 2000, 2, 1, 'cc6ca2549e', 1563742800),
(1129, 188, 1000, 1, 1, 'f03449dda7', 1563829200),
(1130, 93, 2500, 1, 1, 'e1fa5290b7', 1563829200),
(1131, 124, 500, 1, 1, 'c3a7ee737d', 1563829200),
(1132, 173, 1000, 1, 1, '869a5e8730', 1564002000),
(1133, 1, 1480, 1, 1, '8ebb92a2b2', 1564002000),
(1134, 159, 1000, 1, 2, 'f9c197e778', 1564002000),
(1135, 2, 300, 1, 1, 'bf1e3bc266', 1564088400),
(1136, 173, 1000, 1, 1, '407bbe93e8', 1564434000),
(1137, 177, 500, 1, 1, '76e661256a', 1564434000),
(1138, 193, 1000, 2, 2, '77ba719dfc', 1564520400),
(1139, 173, 1000, 1, 2, 'd8e6f7604c', 1564520400),
(1140, 173, 2000, 1, 1, 'c3a7e138fa', 1564520400),
(1141, 1, 2000, 1, 1, '472bbcdcf0', 1564520400),
(1142, 191, 200, 2, 1, '9a0afd3b31', 1564174800),
(1143, 14, 1500, 3, 1, 'ee157c330f', 1563138000),
(1144, 15, 500, 3, 1, '7a3b8d3f35', 1563138000),
(1145, 141, 7000, 3, 1, '9575268a36', 1562014800),
(1146, 180, 400, 2, 1, 'd17742905c', 1562446800),
(1147, 144, 2000, 2, 2, '97162fe3cc', 1563656400),
(1148, 144, 500, 2, 1, '1987ab640c', 1563656400),
(1149, 144, 500, 2, 1, '8c4d10c01e', 1563656400),
(1150, 51, 500, 2, 1, '6810956e3a', 1563656400),
(1151, 201, 450, 1, 1, 'fb062ded04', 1562792400),
(1152, 201, 1000, 1, 2, '22646da0f4', 1563310800),
(1153, 201, 600, 1, 1, '360c701cf3', 1563310800),
(1155, 1, 1000, 1, 1, '03b53ae490', 1564693200),
(1156, 175, 1000, 1, 1, '70ea782346', 1564693200),
(1157, 62, 2000, 1, 1, 'af8ef06e0c', 1564952400),
(1158, 2, 500, 1, 1, 'da17211e36', 1564952400),
(1159, 174, 500, 1, 1, '3e7e256f5c', 1564952400),
(1160, 48, 2000, 1, 1, '7bf2dde263', 1564952400),
(1161, 189, 500, 1, 1, 'adf9591349', 1564952400),
(1162, 3, 500, 1, 1, '6ba2fc5b4c', 1565125200),
(1163, 9, 600, 1, 1, '2784fd36ed', 1565125200),
(1164, 27, 2500, 2, 1, 'ad5ebb9948', 1564952400),
(1165, 28, 2500, 2, 1, '90bf760d2c', 1564952400),
(1166, 56, 1000, 2, 1, 'f74f60099e', 1565125200),
(1167, 168, 500, 2, 2, '802ec785ef', 1565125200),
(1168, 173, 500, 1, 1, '1c3d1bdef1', 1565211600),
(1169, 173, 500, 1, 2, '96d8e25516', 1565211600),
(1170, 2, 300, 1, 1, '0c8dd3b087', 1565211600),
(1172, 40, 4000, 1, 1, '2c049aaa5f', 1565211600),
(1173, 178, 500, 1, 1, 'ddf4f35a2f', 1565298000),
(1174, 199, 500, 1, 2, 'e84b276238', 1565298000),
(1175, 198, 500, 1, 2, 'ee4853c0b9', 1565557200),
(1176, 197, 1000, 1, 1, 'f52a75c294', 1565557200),
(1177, 174, 500, 1, 2, '4e45a6c497', 1565557200),
(1178, 1, 1000, 1, 1, '58e358969b', 1565557200),
(1179, 167, 10000, 2, 1, 'b089fcdbc4', 1565557200),
(1180, 51, 1000, 2, 1, '15c16f7a16', 1565557200),
(1181, 194, 500, 2, 1, 'eb2598241a', 1565557200),
(1182, 93, 5000, 1, 1, 'c040f52430', 1565557200),
(1183, 93, 5000, 1, 1, 'ca91cf8c63', 1565557200),
(1184, 161, 500, 1, 1, '056e993a0b', 1565643600),
(1185, 141, 5000, 3, 1, 'cca85df67c', 1565038800),
(1186, 141, 20000, 3, 1, 'f20b4d2cfe', 1565038800),
(1187, 166, 500, 1, 1, '1a180dd36c', 1565730000),
(1188, 165, 1000, 1, 1, 'b7354b739a', 1565730000),
(1189, 164, 500, 1, 1, '983efc1978', 1565730000),
(1190, 39, 1000, 1, 1, '76c8a20e6a', 1565730000),
(1191, 154, 1000, 1, 1, 'e8751d5283', 1565730000),
(1192, 155, 10000, 1, 1, 'f0edef6314', 1565730000),
(1193, 124, 500, 1, 1, 'd9ceadfaf3', 1565730000),
(1194, 173, 1000, 1, 1, 'ce27e3ddf0', 1565816400),
(1195, 2, 500, 1, 1, '14c3dde44e', 1565816400),
(1196, 48, 1500, 1, 1, 'f9d58d466e', 1565816400),
(1198, 100, 500, 1, 1, '7b5edc9ccb', 1566162000),
(1199, 100, 500, 1, 2, 'cd239aa6bf', 1566162000),
(1200, 65, 500, 1, 2, 'd3ff8d8599', 1566162000),
(1201, 65, 1000, 1, 1, 'b4ff9adb1a', 1566162000),
(1202, 129, 3000, 1, 1, '4a2c5b3d10', 1566162000),
(1203, 188, 2000, 2, 1, 'af379542bc', 1566162000),
(1204, 93, 2000, 2, 1, '0d3eade67b', 1566162000),
(1205, 2, 300, 1, 1, 'c58f7e460b', 1566248400),
(1206, 62, 1000, 1, 1, '2060573ec4', 1566248400),
(1207, 190, 1000, 1, 1, '66eb49f4b0', 1566334800),
(1208, 190, 1000, 1, 2, '0cdf1aaee2', 1566334800),
(1209, 3, 500, 1, 1, 'b4788023ef', 1566334800),
(1210, 114, 500, 1, 1, '0642f35af1', 1566334800),
(1211, 185, 2000, 2, 1, 'd23b0f6e74', 1566334800),
(1212, 9, 600, 1, 1, '8237d653d3', 1566421200),
(1213, 14, 1500, 3, 1, 'c2d1a3a62a', 1565816400),
(1214, 15, 500, 3, 1, '02692c474f', 1565816400),
(1215, 2, 300, 1, 1, '021137991a', 1566766800),
(1216, 174, 500, 1, 1, '7b1ada0dce', 1566766800),
(1217, 114, 500, 1, 1, '08d62cce2b', 1566766800),
(1218, 193, 1500, 2, 1, '291d108a8b', 1566766800),
(1219, 188, 2000, 1, 1, 'bb2b39b9f7', 1566766800),
(1220, 129, 2000, 1, 1, '147d856d77', 1566853200),
(1221, 90, 1000, 2, 2, '30fd3f715d', 1566853200),
(1222, 90, 2000, 1, 1, '4674825d33', 1566853200),
(1223, 17, 2000, 1, 1, 'b499ad07f7', 1566939600),
(1225, 30, 500, 1, 1, 'dfc1188e55', 1566939600),
(1226, 173, 1000, 1, 1, '546c441397', 1567026000),
(1227, 1, 1000, 1, 1, 'f99d762ddd', 1567026000),
(1228, 2, 300, 1, 1, '0ac75d7ff0', 1567026000),
(1229, 114, 500, 1, 1, 'f0ddfd9c3e', 1567026000),
(1230, 201, 4000, 1, 1, 'b5db605387', 1567198800),
(1231, 62, 3000, 1, 1, '9257deba74', 1567198800),
(1232, 173, 2000, 1, 1, 'a7c6de53f4', 1567198800),
(1233, 183, 1000, 2, 1, '58024fa7a9', 1567371600),
(1234, 129, 2000, 1, 1, '7418f430d5', 1567371600),
(1235, 174, 500, 1, 2, 'c8b864a23c', 1567371600),
(1236, 2, 400, 1, 1, '26ac0e44d8', 1567371600),
(1237, 178, 500, 1, 1, '83fa82d6b9', 1567458000),
(1238, 179, 1000, 1, 1, '7717710b78', 1567458000),
(1239, 179, 1000, 1, 2, 'baafde0e7b', 1567458000),
(1240, 2, 400, 1, 1, '7b79f0f370', 1567458000),
(1241, 170, 400, 1, 2, 'c08c89ab92', 1567458000),
(1242, 170, 100, 1, 2, '242b9f607b', 1567458000),
(1243, 173, 500, 1, 1, 'f211d33449', 1567544400),
(1244, 1, 500, 1, 1, 'd6ec189a64', 1567544400),
(1245, 58, 1000, 1, 1, '804c7f2510', 1567544400),
(1246, 53, 5000, 1, 1, 'de8f10b949', 1567544400),
(1247, 159, 2000, 1, 1, '485bfc5d54', 1567544400),
(1248, 129, 1000, 1, 1, '5fd8928e45', 1567544400),
(1249, 47, 2000, 1, 1, 'b4f9f92cac', 1567630800),
(1250, 173, 500, 1, 1, '2150333f8f', 1567717200),
(1251, 58, 500, 1, 1, 'd01498c18b', 1567717200),
(1252, 56, 800, 2, 1, '0570c62279', 1567717200),
(1253, 161, 500, 1, 1, '32b3768081', 1567717200),
(1254, 174, 500, 1, 1, '3eaa4428ff', 1567976400),
(1255, 129, 1000, 1, 1, 'dbbb869229', 1567976400),
(1256, 47, 1000, 1, 1, 'c71b694f4c', 1567976400),
(1257, 194, 500, 2, 1, '422a8dbeb1', 1567803600),
(1258, 193, 3000, 2, 1, 'b51fd75706', 1568062800),
(1259, 56, 1000, 2, 1, '3cdd85eba2', 1568062800),
(1260, 195, 700, 2, 1, 'beb6adf3b1', 1568062800),
(1261, 58, 500, 1, 1, '66778f03da', 1568062800),
(1262, 1, 500, 1, 1, '90546fa49f', 1568062800),
(1263, 192, 2500, 3, 1, '3001d2103a', 1567717200),
(1264, 124, 500, 1, 1, '850353d750', 1568062800),
(1265, 192, 5000, 3, 2, '55b225c8c3', 1567717200),
(1266, 192, 2000, 3, 1, '45d5ae8631', 1567717200),
(1267, 192, 2000, 3, 1, 'e45d038fe7', 1567717200),
(1268, 192, 3500, 3, 1, 'bb142dcc7a', 1567717200),
(1269, 192, 2500, 3, 1, '927dcf22a3', 1567803600),
(1270, 192, 2500, 3, 1, 'd670d0f238', 1567803600),
(1271, 192, 2500, 3, 1, '25d95afa16', 1567803600),
(1272, 192, 2500, 3, 1, 'f31999a171', 1567803600),
(1273, 164, 500, 1, 1, '0ab9631322', 1568062800),
(1274, 166, 500, 1, 1, 'c222150e6e', 1568062800),
(1275, 165, 1000, 1, 1, '750b831431', 1568062800),
(1276, 1, 1000, 1, 1, 'f73a54a5c9', 1568149200),
(1277, 62, 2000, 1, 1, '85430b1900', 1568149200),
(1278, 33, 1700, 1, 1, '15e6f41984', 1568235600),
(1279, 40, 1000, 2, 1, '94b7e76328', 1568235600);
INSERT INTO `contributions` (`contribution_id`, `member`, `amount`, `method`, `type`, `invoice`, `date`) VALUES
(1280, 155, 5000, 1, 1, '45c43c45a2', 1568494800),
(1281, 154, 1000, 1, 1, '8a8954ccd0', 1568494800),
(1282, 39, 1000, 1, 1, 'f2c06ffd5f', 1568494800),
(1283, 1, 1000, 1, 1, '6b3d1db37a', 1568494800),
(1284, 173, 1000, 1, 1, '1125109289', 1568494800),
(1285, 116, 500, 2, 2, '9e252ca051', 1565643600),
(1286, 92, 2000, 3, 1, 'd4baff8ae1', 1565989200),
(1287, 188, 2000, 2, 1, 'b97d2d9eaa', 1568581200),
(1288, 1, 900, 1, 1, '65adf0661e', 1568581200),
(1289, 174, 500, 1, 1, '2865ede4e4', 1568581200),
(1290, 47, 2000, 1, 1, 'dbaceecb7c', 1568667600),
(1291, 65, 1000, 1, 1, 'ffa092dea6', 1568667600),
(1292, 100, 1000, 1, 1, '7ab6066a3b', 1568754000),
(1293, 167, 10000, 2, 1, '54be46094c', 1568149200),
(1294, 60, 10000, 1, 1, '1deb38265d', 1569013200),
(1295, 1, 1000, 1, 1, 'd32781cc1d', 1569013200),
(1296, 174, 500, 1, 1, 'a13543068b', 1569013200),
(1297, 129, 2000, 1, 1, 'e4b935ea12', 1569186000),
(1298, 53, 4000, 1, 1, '5fcdc60ff7', 1569186000),
(1300, 168, 1000, 2, 1, '5bc08f9c69', 1568754000),
(1301, 185, 4000, 2, 1, '0c38ead186', 1569272400),
(1302, 3, 500, 1, 1, 'd37954f962', 1569272400),
(1303, 193, 1000, 2, 1, '02a619d15c', 1569272400),
(1304, 201, 4000, 1, 1, '523756771c', 1569531600),
(1305, 201, 4000, 1, 2, '2a5b643bc5', 1565902800),
(1306, 201, 1000, 1, 1, 'aaa8226c03', 1565902800),
(1307, 204, 5000, 2, 2, 'bd5540778c', 1565038800),
(1308, 204, 500, 2, 1, 'f06cb8e164', 1565038800),
(1309, 205, 1500, 2, 1, '557ac98c2a', 1565557200),
(1310, 205, 500, 2, 2, 'c94db39cf5', 1565557200),
(1311, 206, 3000, 2, 2, '2c4ea99d82', 1566162000),
(1312, 207, 500, 1, 1, '22cfb87e9c', 1566421200),
(1313, 207, 1000, 1, 1, 'b3a34a8447', 1566421200),
(1314, 207, 1000, 1, 2, 'e68d1b5d30', 1566421200),
(1315, 205, 1000, 2, 2, '939162c09a', 1569099600),
(1316, 205, 2000, 2, 1, '3659376916', 1569099600),
(1318, 208, 500, 1, 1, '954688d2b6', 1567976400),
(1320, 208, 500, 1, 2, '3bf8cdc173', 1567976400),
(1321, 209, 650, 1, 2, '3a33303cbc', 1567717200),
(1322, 209, 4350, 1, 2, 'd9fdb06e29', 1568062800),
(1323, 209, 500, 1, 1, '2241bb39b5', 1568062800),
(1324, 209, 2000, 2, 1, '52eb108ead', 1569445200),
(1325, 14, 1500, 3, 1, 'ef203890da', 1568840400),
(1326, 15, 500, 3, 1, '3e3e277f06', 1568840400),
(1327, 116, 500, 2, 1, '108df760d1', 1569445200),
(1329, 3, 500, 1, 1, '1e009703a6', 1572296400),
(1330, 12, 1000, 1, 1, '0e42caae97', 1572296400),
(1331, 12, 1000, 1, 1, '4ff3f5d1b3', 1572469200),
(1332, 14, 1500, 3, 1, 'f1a3ae4ae0', 1570482000),
(1333, 15, 500, 3, 1, 'c953e2f70c', 1570482000),
(1334, 17, 2000, 1, 1, 'f1d298cc9b', 1569877200),
(1335, 27, 5000, 2, 1, 'b83583b258', 1570136400),
(1336, 28, 5000, 2, 1, 'aa8660c8e4', 1570136400),
(1337, 45, 3200, 2, 1, '51cad1e75c', 1572469200),
(1338, 51, 1000, 2, 1, '544899f61b', 1570136400),
(1339, 51, 500, 1, 1, '94f9e06744', 1572469200),
(1340, 58, 1000, 1, 1, 'b4686a4420', 1569963600),
(1341, 58, 1000, 1, 1, 'abc96c8026', 1572296400),
(1342, 59, 1000, 2, 2, '61ae089044', 1570395600),
(1343, 59, 3000, 2, 1, '4939c85521', 1570395600),
(1344, 62, 4000, 1, 1, '9ade3ff966', 1569877200),
(1345, 65, 1000, 1, 1, '8d37bfb32f', 1570395600),
(1346, 66, 500, 2, 1, 'bb70f4dfa3', 1571605200),
(1347, 93, 3000, 1, 1, 'db11e50721', 1570395600),
(1348, 93, 2000, 1, 1, 'e2545be1bf', 1570741200),
(1349, 93, 2550, 1, 1, '4d77f3d401', 1571778000),
(1350, 99, 1000, 1, 1, 'ab1b7c3f7b', 1571086800),
(1351, 99, 600, 1, 1, '4b8c83f03a', 1571950800),
(1352, 100, 1000, 1, 1, 'f697b86df0', 1570482000),
(1353, 116, 500, 2, 1, 'fe662f05ca', 1572296400),
(1354, 129, 2000, 1, 1, 'f546dfec03', 1569877200),
(1355, 129, 1000, 1, 1, '976ec9f796', 1570395600),
(1356, 129, 2000, 1, 1, '6f9fa5a9f7', 1571000400),
(1357, 159, 2000, 1, 1, '5363e190c8', 1571173200),
(1358, 161, 500, 1, 1, 'df19d730e4', 1570050000),
(1359, 164, 500, 1, 1, 'e68e947e00', 1570395600),
(1360, 165, 1000, 1, 1, '4406de2e16', 1570395600),
(1361, 166, 500, 1, 1, '69f92e96e9', 1570395600),
(1362, 167, 10000, 2, 1, 'b8ecb9f046', 1571000400),
(1363, 168, 1000, 1, 2, 'a786467fcf', 1571000400),
(1364, 173, 1000, 1, 1, '3e26378407', 1569877200),
(1365, 173, 2000, 1, 1, 'fa3b3da170', 1571691600),
(1366, 174, 500, 1, 1, '39e770844d', 1569877200),
(1367, 174, 500, 1, 1, 'd83edb2e81', 1570395600),
(1368, 174, 500, 1, 2, 'c154fbbdc2', 1571000400),
(1369, 174, 500, 1, 1, '64af9dc5de', 1572296400),
(1370, 183, 500, 2, 1, '882cf09afc', 1571864400),
(1371, 185, 3000, 2, 1, 'c603bc5632', 1572210000),
(1372, 188, 2000, 2, 1, '60611efd80', 1571173200),
(1373, 193, 1500, 2, 1, 'd9a548ed51', 1572123600),
(1374, 194, 500, 2, 1, '200faa00f1', 1571000400),
(1375, 178, 500, 1, 1, '67674fd0b0', 1569877200),
(1376, 179, 500, 1, 1, '8b79a1e020', 1569877200),
(1377, 204, 1000, 2, 1, '76a9d3b281', 1570136400),
(1378, 205, 500, 2, 2, 'ad2fcd5498', 1570222800),
(1379, 205, 1000, 2, 2, 'b05f82ae3d', 1572123600),
(1380, 205, 2000, 2, 1, 'c0d2b67e86', 1570222800),
(1381, 205, 2000, 2, 1, 'a184c984c2', 1572123600),
(1382, 206, 5000, 2, 1, '4d4d27e954', 1572469200),
(1383, 208, 1000, 1, 2, '41e5ca816e', 1571000400),
(1384, 208, 500, 1, 1, '83bba186af', 1571000400),
(1385, 209, 500, 1, 1, 'f317ed8b98', 1570136400),
(1386, 212, 500, 2, 1, '912e21d829', 1570309200),
(1387, 212, 500, 2, 2, '286f982b40', 1570309200),
(1388, 214, 1000, 2, 2, 'bd4a19ffc5', 1570222800),
(1389, 214, 2000, 2, 1, '6d48e521c9', 1570222800),
(1390, 203, 500, 1, 2, '2b9db73651', 1563310800),
(1391, 25, 1000, 1, 2, 'e60ae7dc26', 1530392400),
(1396, 115, 500, 1, 2, 'bdb7e62503', 1530738000),
(1397, 97, 500, 1, 2, '2c5e23b811', 1530738000),
(1398, 116, 500, 2, 2, '1ee99bd83b', 1530738000),
(1399, 105, 1000, 1, 2, 'ef99a0f60b', 1530738000),
(1400, 105, 500, 1, 1, '62a7589236', 1530738000),
(1401, 3, 1000, 1, 1, 'dfae525af8', 1530738000),
(1402, 3, 2000, 1, 2, 'a0a5510831', 1530738000),
(1403, 124, 500, 1, 2, '00deafe638', 1530997200),
(1404, 93, 500, 1, 1, '68ad089214', 1531083600),
(1405, 93, 1000, 1, 2, '3e37ff6f62', 1531083600),
(1406, 2, 1000, 1, 1, '441e421932', 1531083600),
(1407, 2, 1000, 1, 2, '3efb325d48', 1531083600),
(1408, 20, 500, 1, 2, 'c4cbd9f6de', 1531170000),
(1409, 21, 500, 1, 2, '5329e6bae2', 1531170000),
(1410, 22, 500, 1, 2, '9a4e6bf0ae', 1531170000),
(1411, 126, 2000, 1, 2, '3f3a9db810', 1531170000),
(1412, 128, 500, 1, 1, 'c5357343d9', 1531170000),
(1413, 128, 500, 1, 2, '5c4581f757', 1531170000),
(1414, 3, 500, 1, 2, 'f9824e9851', 1531256400),
(1415, 65, 500, 1, 1, '7de89db951', 1531256400),
(1416, 1, 1000, 1, 1, '6704c36cec', 1531256400),
(1417, 62, 1500, 1, 2, 'c99ec76f48', 1531256400),
(1418, 62, 500, 1, 1, 'd4c313bae0', 1531256400),
(1419, 100, 500, 1, 2, 'f3804a4c55', 1531342800),
(1420, 27, 5000, 1, 2, 'b6d30799a7', 1531342800),
(1421, 27, 500, 1, 1, 'e682b21a47', 1531342800),
(1422, 28, 5000, 1, 2, 'b5f604a676', 1531342800),
(1423, 28, 500, 1, 1, '1905b0cd85', 1531342800),
(1424, 105, 500, 1, 1, 'f767f68642', 1531515600),
(1425, 105, 1000, 1, 2, '14ee2e1543', 1531515600),
(1426, 26, 2000, 1, 1, '7724be3d89', 1531688400),
(1427, 26, 1000, 1, 2, 'b5861cde84', 1531688400),
(1428, 63, 500, 1, 1, '20f028244e', 1531688400),
(1429, 64, 500, 1, 1, '3b31c60d5a', 1531688400),
(1430, 100, 500, 1, 1, 'cdbfd6083d', 1531688400),
(1431, 38, 500, 1, 1, '70d0ba2443', 1531774800),
(1432, 38, 500, 1, 2, '6e8fd9098d', 1531774800),
(1433, 2, 500, 1, 1, 'ccce0acdb8', 1531861200),
(1434, 2, 500, 1, 2, 'b6e8d6e9cb', 1531861200),
(1435, 48, 500, 1, 1, '8797bc46bb', 1531861200),
(1436, 48, 500, 1, 2, 'dc704cc4bd', 1531861200),
(1437, 24, 500, 1, 1, 'dcfcea31fd', 1531861200),
(1438, 24, 500, 1, 2, 'dbebcfb96e', 1531861200),
(1439, 33, 5000, 1, 2, '96466977e4', 1531861200),
(1440, 33, 1000, 1, 1, 'dcee1892c6', 1531861200),
(1441, 34, 500, 1, 1, 'b985781d4f', 1531861200),
(1442, 34, 500, 1, 2, 'd8bfa9c558', 1531861200),
(1443, 75, 1000, 1, 1, '2f3ceb45cf', 1531861200),
(1444, 75, 1000, 1, 2, '419b4e6914', 1531861200),
(1445, 1, 1000, 1, 1, '57aeacd15e', 1531861200),
(1446, 62, 1000, 1, 2, 'd0f823a4e4', 1531861200),
(1447, 38, 500, 1, 1, 'aaf2654211', 1532034000),
(1448, 52, 200, 1, 1, '8b7caf15c7', 1532034000),
(1449, 14, 2000, 3, 2, 'a5e113ea2c', 1532206800),
(1450, 14, 500, 3, 1, '39f017bd3f', 1532206800),
(1451, 15, 2000, 3, 2, 'a201f2f15d', 1532206800),
(1452, 15, 500, 3, 1, '1ad758b2cb', 1532206800),
(1453, 132, 2000, 1, 2, 'e037ff64b8', 1532206800),
(1454, 132, 1000, 1, 1, 'f227826480', 1532206800),
(1455, 51, 500, 2, 1, 'cb79218dcb', 1532379600),
(1456, 135, 5000, 1, 2, '16705c8123', 1532466000),
(1457, 135, 1000, 1, 1, '3c879961ff', 1532466000),
(1458, 136, 500, 1, 1, 'ce613f0291', 1532466000),
(1459, 136, 500, 1, 2, '396936d33e', 1532466000),
(1460, 52, 300, 1, 1, 'c69266ec42', 1532466000),
(1463, 93, 3000, 1, 2, '73e9a150fd', 1532898000),
(1464, 173, 1000, 1, 1, 'a03f35b86e', 1573160400),
(1465, 173, 1000, 1, 1, '9e2aa95ffc', 1573419600),
(1466, 173, 1000, 1, 1, '01675ee85d', 1573678800),
(1467, 173, 1000, 1, 1, 'bdad44f98e', 1574024400),
(1468, 8, 1500, 1, 1, '38fc223a75', 1530392400),
(1469, 14, 1500, 3, 1, '8e3143ea3c', 1542315600),
(1470, 15, 1500, 3, 1, 'dab0678597', 1542315600),
(1471, 27, 2500, 2, 1, '8705417fd6', 1539550800),
(1472, 28, 2500, 2, 1, '4e5930375f', 1539550800),
(1473, 30, 1000, 1, 2, '2b182fb329', 1529528400),
(1474, 30, 1500, 1, 1, '7bd02e675a', 1529182800),
(1475, 31, 3000, 1, 2, '0ad3a1f6e4', 1543093200),
(1476, 31, 1000, 1, 1, '251fa0b1d2', 1543093200),
(1478, 45, 300, 2, 2, '3a550350b7', 1537909200),
(1479, 45, 1700, 2, 1, '64fdec8b1b', 1537909200),
(1480, 56, 1000, 2, 1, '7ac53f0814', 1545253200),
(1481, 66, 500, 1, 1, '3513a35463', 1530133200),
(1482, 75, 1500, 2, 1, '6a92a4d2a2', 1569877200),
(1483, 93, 1000, 2, 1, 'd1d6d36abc', 1560805200),
(1484, 92, 1000, 2, 2, 'e38dad933a', 1552856400),
(1485, 97, 150, 1, 1, 'ee148139c9', 1545253200),
(1486, 100, 500, 1, 1, '8cb4beaf35', 1542142800),
(1487, 100, 500, 1, 2, 'a864b88a12', 1542142800),
(1488, 105, 500, 1, 2, 'a86cec7055', 1530392400),
(1489, 107, 500, 1, 2, 'a57214a401', 1530392400),
(1490, 137, 500, 2, 1, '6571c6c282', 1561755600),
(1491, 141, 12000, 3, 1, 'a39298f59c', 1561323600),
(1492, 141, 1500, 2, 2, '8f3f3ca97f', 1545253200),
(1493, 141, 500, 2, 1, '68d4f112ec', 1545253200),
(1494, 139, 1500, 1, 2, '2d7b1d5cde', 1534971600),
(1495, 159, 1500, 1, 1, '509c536f8c', 1555275600),
(1496, 168, 500, 2, 1, 'c412aca3ab', 1562014800),
(1497, 177, 500, 1, 1, 'b60cf271b7', 1562446800),
(1498, 195, 500, 2, 2, 'd0b09afd1f', 1564693200),
(1499, 205, 2000, 2, 1, '7af0dfbd7c', 1567198800),
(1500, 205, 1000, 2, 2, 'f26040cc84', 1567198800),
(1501, 40, 500, 1, 2, '5ca50341f3', 1530046800),
(1502, 166, 500, 1, 1, 'cde75f932d', 1561928400),
(1503, 1, 1000, 1, 1, '9f081eb5bb', 1569877200),
(1504, 1, 1000, 1, 1, '6ac6a377a0', 1569963600),
(1505, 1, 500, 1, 1, 'b78559fec5', 1570395600),
(1506, 1, 1000, 1, 1, '28ad80d6f1', 1570482000),
(1507, 1, 1000, 1, 1, 'c5ad65dbab', 1571000400),
(1508, 1, 1000, 1, 1, 'f9e3452588', 1572296400),
(1509, 2, 1000, 1, 1, '6ca1262971', 1569877200),
(1510, 2, 700, 1, 1, 'b4a4d2d146', 1569963600),
(1511, 2, 400, 1, 1, 'e117372c7f', 1570395600),
(1512, 2, 400, 1, 1, '1f12f77da6', 1572296400),
(1513, 45, 4100, 2, 1, '1d3244eb74', 1572555600),
(1514, 45, 17000, 2, 1, 'aaec291bf0', 1573592400),
(1515, 45, 4944, 2, 1, 'a9b7bbd492', 1574024400),
(1516, 45, 27776, 2, 1, '2437e58374', 1574542800),
(1517, 45, 100, 2, 1, '4fe1226dc4', 1574542800),
(1519, 199, 500, 1, 1, '268e5fcec5', 1572555600),
(1520, 174, 500, 1, 1, 'e2fc922dcc', 1572814800),
(1521, 2, 300, 1, 1, '92d3fa302a', 1572814800),
(1522, 217, 5000, 3, 2, 'a301d3afaf', 1572814800),
(1523, 217, 650, 3, 1, '55ccefb44c', 1572814800),
(1524, 1, 1000, 1, 1, 'cbaf9bdc3c', 1572901200),
(1525, 161, 500, 1, 1, '445dc90517', 1572901200),
(1526, 214, 1000, 2, 2, 'aea1571846', 1572814800),
(1527, 214, 1500, 2, 1, '23377a77c9', 1572814800),
(1528, 196, 3000, 2, 1, '18fcd6ced2', 1572901200),
(1529, 195, 800, 2, 1, '8b15278892', 1572901200),
(1530, 194, 500, 2, 2, 'b3bfeeff95', 1572901200),
(1531, 1, 1000, 1, 1, 'd31ef16b61', 1573160400),
(1533, 205, 500, 2, 2, '76f9cebc14', 1573246800),
(1534, 205, 1000, 2, 1, '9b551b6904', 1573246800),
(1535, 93, 2300, 2, 1, '8858708e3f', 1573333200),
(1536, 165, 1000, 1, 1, '309bb6f6e3', 1573419600),
(1537, 164, 500, 1, 1, '33dddc583a', 1573419600),
(1538, 166, 500, 1, 1, '7830f3d15d', 1573419600),
(1539, 1, 1000, 1, 1, '825dcae962', 1573419600),
(1541, 174, 500, 1, 1, 'f388d9ba2d', 1573506000),
(1542, 56, 1000, 2, 1, 'c5361b30b2', 1573506000),
(1543, 167, 10000, 2, 1, 'fe207a5f59', 1573419600),
(1544, 217, 1000, 3, 1, '000ccf1ea2', 1573419600),
(1545, 217, 1000, 3, 1, 'bc38115bd8', 1573333200),
(1546, 217, 1000, 3, 1, 'f0077d9a65', 1573160400),
(1547, 217, 1000, 3, 1, '94cc176ff8', 1573074000),
(1548, 217, 1000, 3, 1, 'bc9773b8ac', 1573246800),
(1549, 1, 500, 1, 1, '7fedb90856', 1573506000),
(1550, 185, 5000, 2, 1, 'ca94666492', 1573506000),
(1551, 217, 1000, 2, 1, '1c98a53858', 1573506000),
(1552, 59, 2550, 2, 1, 'c55eaa96c9', 1573506000),
(1553, 1, 1000, 1, 1, 'ee1753000c', 1573678800),
(1555, 193, 1500, 2, 1, 'a6455ccc30', 1573506000),
(1556, 217, 1000, 2, 1, '0ac7f65b4e', 1573592400),
(1557, 217, 1000, 2, 1, 'e88aadb6ca', 1573678800),
(1558, 158, 700, 1, 1, '78c5e17494', 1573765200),
(1559, 114, 1000, 1, 2, '13c3860410', 1573765200),
(1560, 114, 1000, 1, 1, '293edc81b2', 1573765200),
(1561, 62, 1000, 1, 1, '23f9a79e25', 1573765200),
(1562, 58, 1000, 1, 1, '699f24bba3', 1573765200),
(1563, 1, 1000, 1, 1, '5b62857f02', 1573765200),
(1564, 205, 500, 2, 2, '1f30744a87', 1573851600),
(1565, 205, 1500, 2, 1, '444a255b3c', 1573851600),
(1566, 212, 1000, 2, 1, '1cb7437ed9', 1573765200),
(1567, 217, 1000, 2, 1, 'd6a33fd567', 1573765200),
(1568, 217, 1000, 2, 1, '32587fafe9', 1573938000),
(1569, 217, 1000, 2, 1, '906d226014', 1573851600),
(1570, 1, 1000, 1, 1, '3dafdd8514', 1574024400),
(1572, 174, 500, 1, 2, '586969dbde', 1574024400),
(1573, 217, 1000, 2, 1, '03ecb63377', 1574024400),
(1574, 188, 2000, 2, 1, '454770896f', 1574197200),
(1575, 114, 2000, 1, 1, '6553dad9aa', 1574283600),
(1576, 178, 500, 1, 1, '831e87039b', 1574283600),
(1577, 40, 1000, 1, 1, '5a556f02bd', 1574283600),
(1578, 217, 1000, 2, 1, 'b5dd8d7bc6', 1574197200),
(1579, 217, 1000, 2, 1, '83c6fdc9e4', 1574283600),
(1580, 217, 1000, 2, 1, '52667f6a06', 1574110800),
(1581, 1, 1000, 1, 1, 'a5473c6482', 1574370000),
(1582, 2, 450, 1, 1, 'de495e6c3b', 1574370000),
(1583, 3, 500, 1, 1, 'a4c96e693b', 1574370000),
(1584, 153, 1500, 1, 1, 'ffeeaf6b6c', 1574370000),
(1585, 217, 1000, 2, 1, '3ffced464c', 1574370000),
(1586, 217, 1000, 2, 1, 'c30f6efd8a', 1574456400),
(1587, 217, 1000, 2, 1, '941f1e4ec1', 1574542800),
(1588, 217, 1000, 2, 1, '4d25e05642', 1574629200),
(1589, 174, 500, 1, 1, 'd5ecd7b2ae', 1574629200),
(1590, 218, 5000, 2, 2, 'dc0da3a5e5', 1574715600),
(1591, 218, 500, 2, 1, '661a0c3fcd', 1574715600),
(1592, 1, 2000, 1, 1, '297892f7ca', 1574974800),
(1593, 173, 1000, 1, 1, '69a8341963', 1574974800),
(1594, 219, 5000, 2, 2, '2798c05121', 1574974800),
(1595, 219, 25500, 2, 1, '28f7f8d469', 1574974800),
(1596, 179, 500, 1, 1, '05d5c25b0d', 1575061200),
(1597, 27, 5000, 2, 1, '706441a5f4', 1574802000),
(1598, 28, 5000, 2, 1, '08fbe808dd', 1574802000),
(1599, 51, 300, 2, 1, '9ca488bd51', 1574888400),
(1600, 14, 1500, 3, 1, 'bedd1618b2', 1573851600),
(1601, 15, 500, 3, 1, '3abf319ec2', 1573851600),
(1602, 190, 2850, 2, 2, 'ef72a5fddf', 1574802000),
(1603, 190, 150, 2, 1, 'a02e8c7afa', 1574802000),
(1605, 168, 1000, 2, 1, '55d722adb5', 1574110800),
(1606, 144, 1000, 2, 1, 'bdf7298e8e', 1570136400),
(1607, 65, 500, 1, 1, 'b958b13f8f', 1572814800),
(1608, 156, 5000, 1, 2, '168b96e13f', 1576011600),
(1609, 156, 10000, 1, 1, '750c60b646', 1576011600),
(1610, 156, 5000, 1, 1, '38506a642e', 1576270800),
(1613, 114, 4000, 1, 1, 'ea25a456a3', 1575579600),
(1614, 114, 4000, 1, 2, '616d253284', 1575579600),
(1615, 190, 1500, 2, 1, '550b5e87fe', 1571691600),
(1616, 26, 8000, 2, 1, 'f8f5c2010b', 1578258000),
(1617, 159, 800, 2, 1, 'ec09b01a61', 1575147600),
(1618, 2, 500, 1, 1, 'fdc9f9623f', 1575234000),
(1619, 173, 1000, 1, 1, 'f441df6736', 1575234000),
(1620, 174, 500, 1, 1, 'fe0bd129a0', 1575234000),
(1621, 1, 1000, 1, 1, '6dd986d229', 1575234000),
(1622, 75, 20, 2, 1, '005a73e3d5', 1575234000),
(1623, 214, 2000, 2, 1, '4390487ef1', 1575234000),
(1624, 214, 2000, 2, 2, 'bd3c3e723d', 1575234000),
(1625, 218, 500, 1, 1, '9bfbe949a5', 1575320400),
(1626, 219, 500, 1, 1, '3ac348c3d3', 1575320400),
(1627, 70, 1000, 1, 1, 'fb1e094bd2', 1575320400),
(1628, 196, 5000, 2, 1, 'a4565a2f74', 1575320400),
(1629, 116, 500, 2, 1, 'fc7b52310f', 1575320400),
(1630, 56, 500, 2, 1, '007821de2c', 1575406800),
(1631, 75, 480, 2, 1, 'daf264d617', 1575406800),
(1632, 185, 5000, 2, 1, '4d29bf433f', 1575493200),
(1633, 205, 4000, 2, 1, 'caa2baf24f', 1575493200),
(1634, 58, 1000, 1, 1, '5962e0a631', 1575579600),
(1635, 173, 1000, 1, 1, '1ec9e99936', 1575579600),
(1636, 1, 2000, 1, 1, '74635455f4', 1575579600),
(1637, 2, 700, 1, 1, '13e6690f70', 1575579600),
(1638, 159, 1200, 2, 1, '9796db7750', 1575493200),
(1639, 195, 750, 2, 1, 'ee8b89b217', 1575493200),
(1640, 189, 500, 2, 2, 'c36eb1167d', 1575493200),
(1642, 1, 1000, 1, 1, '682099f06e', 1575838800),
(1643, 174, 500, 1, 1, '5c1bae4d05', 1575838800),
(1644, 62, 1000, 1, 1, '61961b4807', 1575838800),
(1645, 175, 500, 1, 2, '2bbc481272', 1575925200),
(1646, 1, 500, 1, 1, '2ac570f2cf', 1575925200),
(1648, 70, 1000, 1, 2, '40f62f5538', 1576184400),
(1649, 173, 1000, 1, 1, '1c473f06c3', 1576270800),
(1650, 1, 1000, 1, 1, '2995cc9a2b', 1576270800),
(1651, 99, 1500, 1, 1, 'a5952555c7', 1576443600),
(1652, 174, 500, 1, 1, '12c913c896', 1576443600),
(1653, 1, 1000, 1, 1, '0685eccdbc', 1576443600),
(1654, 167, 10000, 2, 1, 'e57049ca2f', 1576011600),
(1655, 183, 500, 2, 1, '7fbe606f3e', 1576530000),
(1656, 164, 500, 1, 1, '05031a9fe2', 1576530000),
(1657, 165, 1000, 1, 1, 'e1147b3b9b', 1576530000),
(1658, 166, 500, 1, 1, '0f5457a4b2', 1576530000),
(1659, 33, 340, 2, 1, '2562b64a43', 1576530000),
(1660, 218, 500, 1, 1, 'a944a7b5d6', 1576616400),
(1661, 218, 500, 1, 1, 'b5a0efb6a7', 1576616400),
(1662, 182, 2000, 1, 1, 'f254ea5822', 1576616400),
(1663, 1, 500, 1, 1, '0c8bd4b5dd', 1576616400),
(1664, 158, 300, 1, 1, '4982ed4adc', 1576616400),
(1665, 94, 4600, 3, 1, 'd58097b4db', 1576702800),
(1666, 199, 500, 1, 1, '0bd9c5bbe2', 1576789200),
(1667, 194, 500, 2, 1, '0561cc6821', 1576702800),
(1668, 185, 5000, 2, 1, 'c9c249b3c6', 1576789200),
(1669, 197, 1000, 2, 2, '44b80a33ee', 1576789200),
(1670, 93, 5000, 2, 1, '93a4974173', 1576875600),
(1671, 124, 1500, 2, 1, '7f48ed21e5', 1576875600),
(1672, 161, 500, 1, 1, '68e6d5daf9', 1576962000),
(1673, 208, 1000, 1, 2, '038ebd9588', 1577048400),
(1674, 208, 2000, 1, 1, 'b178dab21c', 1577048400),
(1675, 168, 1000, 2, 1, 'c05aa0c12a', 1576098000),
(1676, 14, 1500, 3, 1, '431edb39de', 1576011600),
(1677, 15, 500, 3, 1, 'f306684a0e', 1576011600),
(1678, 220, 650, 3, 1, 'f0c6bf455a', 1577048400),
(1679, 189, 1000, 2, 1, '618133ff1c', 1575493200);

-- --------------------------------------------------------

--
-- Table structure for table `loans`
--

CREATE TABLE `loans` (
  `loan_id` int(11) NOT NULL,
  `member` int(11) NOT NULL,
  `amount` int(11) NOT NULL,
  `type` int(11) NOT NULL,
  `interest` int(11) NOT NULL,
  `amountdue` int(255) NOT NULL,
  `status` tinyint(1) NOT NULL DEFAULT '0' COMMENT '0 pending, 1 approved, 2 rejected, 3 received, 4 paid',
  `g1` int(11) NOT NULL,
  `g2` int(11) NOT NULL,
  `g3` int(11) NOT NULL,
  `g4` int(11) NOT NULL,
  `date_taken` int(255) NOT NULL,
  `date_to_pay` int(255) NOT NULL,
  `date_paid` int(255) NOT NULL,
  `requirements` varchar(10000) NOT NULL
) ENGINE=InnoDB DEFAULT CHARSET=latin1;

--
-- Dumping data for table `loans`
--

INSERT INTO `loans` (`loan_id`, `member`, `amount`, `type`, `interest`, `amountdue`, `status`, `g1`, `g2`, `g3`, `g4`, `date_taken`, `date_to_pay`, `date_paid`, `requirements`) VALUES
(1, 3, 8000, 7, 0, 0, 1, 0, 0, 0, 0, 1545944400, 1556398800, 0, 'Loan_Requirement_1569661361.'),
(2, 2, 7000, 7, 0, 0, 4, 0, 0, 0, 0, 1545253200, 1555707600, 1569662173, 'Loan_Requirement_1569661971.'),
(3, 30, 30000, 7, 0, 221, 1, 0, 0, 0, 0, 1548622800, 1577480400, 0, 'Loan_Requirement_1569662599.'),
(4, 33, 45000, 1, 0, 0, 4, 43, 0, 0, 0, 1551301200, 1590613200, 1576583530, ''),
(5, 1, 30000, 7, 0, 0, 4, 0, 0, 0, 0, 1561323600, 1592946000, 1576832018, 'Loan_Requirement_1569664962.'),
(6, 97, 4600, 7, 0, 5060, 1, 0, 0, 0, 0, 1548622800, 1553720400, 0, 'Loan_Requirement_1570177543.'),
(7, 137, 50000, 7, 0, 0, 4, 0, 0, 0, 0, 1551387600, 1577826000, 1570181794, 'Loan_Requirement_1570177650.'),
(8, 153, 20000, 7, 0, 17000, 1, 0, 0, 0, 0, 1554757200, 1567976400, 0, 'Loan_Requirement_1570177741.'),
(9, 80, 3000, 7, 0, 1300, 1, 0, 0, 0, 0, 1555966800, 1555966800, 0, 'Loan_Requirement_1570178138.'),
(10, 26, 12000, 7, 0, 0, 4, 0, 0, 0, 0, 1555966800, 1574456400, 1579509965, 'Loan_Requirement_1570181047.'),
(11, 143, 50000, 7, 0, 25000, 1, 0, 0, 0, 0, 1556744400, 1588366800, 0, 'Loan_Requirement_1570178798.'),
(12, 128, 30000, 7, 0, 0, 4, 0, 0, 0, 0, 1557522000, 1578690000, 1583754995, 'Loan_Requirement_1570178892.'),
(14, 2, 8000, 7, 0, 0, 4, 0, 0, 0, 0, 1562014800, 1572642000, 1572515000, 'Loan_Requirement_1570179159.'),
(15, 45, 30000, 7, 0, 0, 4, 0, 0, 0, 0, 1562014800, 1572642000, 1572844536, 'Loan_Requirement_1570179221.'),
(16, 158, 45000, 7, 0, 27500, 1, 0, 0, 0, 0, 1562706000, 1594328400, 0, 'Loan_Requirement_1570179633.'),
(17, 10, 24000, 7, 0, 26400, 1, 0, 0, 0, 0, 1562878800, 1594501200, 0, 'Loan_Requirement_1570179776.'),
(18, 38, 5000, 7, 0, 0, 4, 0, 0, 0, 0, 1563138000, 1576357200, 1579516435, 'Loan_Requirement_1570179894.'),
(19, 30, 30000, 7, 0, 0, 4, 0, 0, 0, 0, 1563483600, 1611003600, 1571903861, 'Loan_Requirement_1570180045.'),
(20, 159, 12000, 7, 0, 0, 4, 0, 0, 0, 0, 1564261200, 1580158800, 1579509071, 'Loan_Requirement_1570180180.'),
(21, 56, 30000, 7, 0, 20000, 1, 0, 0, 0, 0, 1564434000, 1604005200, 0, 'Loan_Requirement_1570180276.'),
(22, 76, 9000, 7, 0, 0, 4, 0, 0, 0, 0, 1565384400, 1581282000, 1579509414, 'Loan_Requirement_1570180359.'),
(24, 44, 60000, 7, 0, 42000, 1, 0, 0, 0, 0, 1557867600, 1605387600, 0, 'Loan_Requirement_1570513309.'),
(25, 141, 112000, 7, 0, 73200, 1, 0, 0, 0, 0, 1565643600, 1581541200, 0, 'Loan_Requirement_1570513431.'),
(26, 137, 100000, 7, 0, 110000, 1, 0, 0, 0, 0, 1567458000, 1614718800, 0, 'Loan_Requirement_1570513522.'),
(28, 180, 30000, 7, 0, 33000, 1, 0, 0, 0, 0, 1571950800, 1603573200, 0, 'Loan_Requirement_1572585350.'),
(29, 30, 60000, 7, 0, 47000, 1, 0, 0, 0, 0, 1571864400, 1611435600, 0, 'Loan_Requirement_1572585452.'),
(30, 2, 14000, 7, 0, 9400, 1, 0, 0, 0, 0, 1572469200, 1585602000, 0, 'Loan_Requirement_1572585504.'),
(31, 65, 10000, 7, 0, 7000, 1, 0, 0, 0, 0, 1572469200, 1585602000, 0, 'Loan_Requirement_1572585547.'),
(32, 3, 10000, 7, 0, 8000, 1, 0, 0, 0, 0, 1572469200, 1585602000, 0, 'Loan_Requirement_1572585587.'),
(33, 51, 40000, 7, 0, 33600, 1, 0, 0, 0, 0, 1572469200, 1580418000, 0, 'Loan_Requirement_1572585643.'),
(34, 45, 200000, 7, 0, 199800, 1, 0, 0, 0, 0, 1575320400, 1670014800, 0, 'Loan_Requirement_1575534323.'),
(37, 159, 30000, 7, 0, 28000, 1, 0, 0, 0, 0, 1575493200, 1607115600, 0, 'Loan_Requirement_1576670581.'),
(38, 167, 60000, 7, 0, 55000, 1, 0, 0, 0, 0, 1576184400, 1607806800, 0, 'Loan_Requirement_1576670636.'),
(40, 156, 45000, 7, 0, 49500, 1, 0, 0, 0, 0, 1576270800, 1628888400, 0, 'Loan_Requirement_1576670753.'),
(41, 33, 66000, 7, 0, 70940, 1, 0, 0, 0, 0, 1576530000, 1623877200, 0, 'Loan_Requirement_1576670816.'),
(42, 114, 5000, 7, 0, 0, 4, 0, 0, 0, 0, 1576530000, 1579208400, 1578388263, 'Loan_Requirement_1576670859.'),
(44, 190, 30000, 7, 0, 33000, 1, 0, 0, 0, 0, 1576875600, 1608498000, 0, 'Loan_Requirement_1576915889.'),
(47, 114, 8000, 7, 0, 8800, 1, 0, 0, 0, 0, 1578417600, 1583528400, 0, 'Loan_Requirement_1578388405.'),
(51, 1, 70000, 7, 0, 69200, 1, 0, 0, 0, 0, 1576789200, 1608411600, 0, 'Loan_Requirement_1580898130.'),
(52, 1, 70000, 7, 0, 48500, 1, 0, 0, 0, 0, 1576789200, 1608411600, 0, 'Loan_Requirement_1580898417.'),
(60, 193, 8000, 7, 0, 8800, 1, 0, 0, 0, 0, 1579726800, 1592859600, 0, 'Loan_Requirement_1583756318.'),
(62, 173, 54000, 7, 0, 59400, 1, 0, 0, 0, 0, 1580072400, 1611694800, 0, 'Loan_Requirement_1583756495.'),
(63, 135, 70000, 7, 0, 77000, 1, 0, 0, 0, 0, 1580677200, 1627938000, 0, 'Loan_Requirement_1583756590.'),
(64, 128, 45000, 7, 0, 49500, 1, 0, 0, 0, 0, 1580936400, 1625518800, 0, 'Loan_Requirement_1583756685.'),
(65, 99, 2000, 7, 0, 2200, 1, 0, 0, 0, 0, 1581454800, 1597179600, 0, 'Loan_Requirement_1583756753.'),
(66, 187, 90000, 7, 0, 99000, 1, 0, 0, 0, 0, 1582837200, 1614459600, 0, 'Loan_Requirement_1583756822.'),
(67, 2, 20000, 7, 0, 22000, 1, 0, 0, 0, 0, 1583096400, 1598994000, 0, 'Loan_Requirement_1583756902.'),
(68, 3, 15000, 7, 0, 16500, 1, 0, 0, 0, 0, 1583096400, 1598994000, 0, 'Loan_Requirement_1583756960.');

-- --------------------------------------------------------

--
-- Table structure for table `loan_category`
--

CREATE TABLE `loan_category` (
  `category_id` int(11) NOT NULL,
  `category_name` varchar(255) NOT NULL,
  `period` int(11) NOT NULL,
  `amount` varchar(255) NOT NULL,
  `interest` varchar(255) NOT NULL,
  `guarantorship` varchar(255) NOT NULL,
  `requirements` varchar(255) NOT NULL
) ENGINE=InnoDB DEFAULT CHARSET=latin1;

--
-- Dumping data for table `loan_category`
--

INSERT INTO `loan_category` (`category_id`, `category_name`, `period`, `amount`, `interest`, `guarantorship`, `requirements`) VALUES
(1, 'Development/Normal Loan', 36, '3 x Contribution', '1% on a reducing balances', '1', ''),
(2, 'School Fees', 12, '', '12% p.a ', '2', 'Fee Structure'),
(3, 'Emergency', 10, '', '10% p.a', '3', 'Formal request'),
(4, 'Boda Boda Loan  (Tailor made)', 12, '100,000 maximum', '1% on a reducing balances', '1', 'Formal request'),
(5, 'Group Loan', 36, '3 x Contribution', '1% on a reducing balances', '1', 'Group Contact'),
(6, 'Holiday Loan', 12, '', '15% flat rate', '3', 'Formal request'),
(7, 'Short Term Loan', 6, '50000', '10% flat rate', '1', 'formal request ');

-- --------------------------------------------------------

--
-- Table structure for table `loan_payments`
--

CREATE TABLE `loan_payments` (
  `payment_id` int(11) NOT NULL,
  `loan_id` int(11) NOT NULL,
  `amount` int(255) NOT NULL,
  `date` int(255) NOT NULL
) ENGINE=InnoDB DEFAULT CHARSET=latin1;

--
-- Dumping data for table `loan_payments`
--

INSERT INTO `loan_payments` (`payment_id`, `loan_id`, `amount`, `date`) VALUES
(2, 1, 3000, 1553029200),
(3, 1, 1500, 1556830800),
(4, 1, 800, 1561323600),
(5, 1, 1500, 1562014800),
(6, 1, 1000, 1562446800),
(7, 1, 1000, 1564434000),
(9, 2, 1800, 1550005200),
(10, 2, 5900, 1550610000),
(26, 3, 10000, 1552251600),
(27, 3, 5000, 1554152400),
(28, 3, 4000, 1555102800),
(29, 3, 11300, 1557262800),
(30, 3, 479, 1568149200),
(32, 7, 20000, 1557694800),
(33, 7, 10000, 1561755600),
(34, 7, 15000, 1565298000),
(35, 7, 10000, 1564693200),
(36, 8, 2000, 1557435600),
(37, 8, 2000, 1563138000),
(38, 8, 1000, 1563138000),
(39, 9, 2000, 1566248400),
(40, 11, 5000, 1559509200),
(41, 11, 5000, 1562274000),
(42, 11, 5000, 1565211600),
(43, 11, 15000, 1568149200),
(44, 12, 3000, 1559854800),
(45, 12, 3000, 1562187600),
(46, 12, 3000, 1566421200),
(47, 12, 6000, 1569013200),
(48, 16, 1500, 1566939600),
(49, 18, 1000, 1567112400),
(50, 18, 1000, 1568754000),
(51, 19, 5000, 1566939600),
(52, 19, 10000, 1568754000),
(53, 20, 3000, 1567544400),
(54, 14, 500, 1564088400),
(55, 14, 700, 1565211600),
(56, 14, 500, 1565816400),
(57, 14, 400, 1566248400),
(58, 14, 400, 1566766800),
(59, 14, 400, 1567026000),
(60, 14, 400, 1567371600),
(61, 14, 400, 1567458000),
(62, 14, 1100, 1567544400),
(63, 14, 1000, 1567976400),
(64, 21, 2000, 1567717200),
(66, 16, 4500, 1570136400),
(67, 4, 3450, 1554066000),
(68, 4, 3420, 1556658000),
(69, 4, 3390, 1561323600),
(70, 4, 3360, 1562792400),
(71, 4, 3330, 1565211600),
(72, 5, 500, 1564952400),
(73, 10, 2000, 1570050000),
(74, 5, 1000, 1566248400),
(75, 5, 1000, 1565816400),
(76, 5, 500, 1567026000),
(77, 5, 500, 1567544400),
(78, 5, 1000, 1567717200),
(79, 5, 1000, 1562014800),
(80, 5, 1000, 1562274000),
(81, 5, 1000, 1564520400),
(82, 5, 1000, 1568062800),
(83, 5, 500, 1569013200),
(85, 5, 1000, 1570482000),
(86, 27, 1000, 1562014800),
(87, 27, 1000, 1562274000),
(88, 27, 1000, 1564520400),
(89, 27, 1000, 1565816400),
(90, 27, 1000, 1566248400),
(91, 27, 500, 1567026000),
(92, 27, 500, 1567544400),
(93, 27, 1000, 1567717200),
(94, 27, 1000, 1568062800),
(95, 27, 500, 1569013200),
(96, 27, 1000, 1569877200),
(97, 27, 1000, 1570482000),
(98, 25, 10000, 1569790800),
(99, 21, 3000, 1570741200),
(100, 19, 10000, 1570222800),
(101, 20, 3000, 1571173200),
(102, 19, 6000, 1571259600),
(103, 3, 2000, 1571432400),
(104, 19, 2000, 1571432400),
(105, 4, 3300, 1568235600),
(106, 4, 3270, 1571778000),
(107, 14, 200, 1569877200),
(108, 14, 1000, 1570395600),
(109, 14, 1000, 1572296400),
(110, 5, 1000, 1568062800),
(111, 5, 1000, 1569877200),
(112, 5, 700, 1570395600),
(114, 5, 1000, 1572296400),
(115, 14, 800, 1572469200),
(116, 15, 30000, 1572469200),
(117, 15, 1000, 1567630800),
(118, 15, 2000, 1572469200),
(120, 25, 10000, 1572728400),
(121, 30, 500, 1572814800),
(122, 5, 2000, 1572901200),
(123, 24, 7000, 1562446800),
(124, 24, 7000, 1565989200),
(125, 5, 1000, 1573160400),
(126, 5, 1000, 1573506000),
(127, 5, 500, 1573678800),
(128, 5, 1000, 1573765200),
(129, 4, 3240, 1574715600),
(130, 18, 1000, 1571864400),
(131, 18, 1000, 1575234000),
(132, 20, 4200, 1575147600),
(134, 16, 4500, 1573765200),
(135, 33, 10000, 1574629200),
(136, 33, 400, 1574888400),
(137, 21, 2000, 1573506000),
(138, 5, 1000, 1574370000),
(139, 5, 1000, 1574974800),
(140, 22, 7900, 1572123600),
(141, 25, 10000, 1575234000),
(142, 5, 1000, 1575579600),
(143, 5, 1000, 1575925200),
(144, 5, 1000, 1576270800),
(145, 5, 1000, 1576443600),
(146, 4, 21210, 1576530000),
(147, 5, 1000, 1576616400),
(148, 5, 6800, 1576789200),
(149, 42, 5200, 1578344400),
(150, 42, 300, 1578344400),
(151, 50, 1000, 1577998800),
(152, 50, 1000, 1578344400),
(153, 50, 1000, 1578344400),
(154, 50, 1000, 1578344400),
(155, 50, 1000, 1578344400),
(156, 50, 1000, 1578344400),
(157, 51, 1000, 1577998800),
(158, 51, 1000, 1578344400),
(159, 51, 500, 1578517200),
(160, 51, 2000, 1578690000),
(161, 20, 3000, 1573160400),
(162, 21, 2000, 1575406800),
(163, 22, 2000, 1576011600),
(164, 30, 1000, 1575234000),
(165, 30, 1000, 1576443600),
(166, 31, 2000, 1576184400),
(167, 32, 500, 1575838800),
(168, 10, 11000, 1578258000),
(169, 10, 200, 1578258000),
(170, 24, 10000, 1575493200),
(171, 12, 2600, 1577998800),
(172, 18, 1500, 1579467600),
(173, 16, 4500, 1576616400),
(174, 51, 1000, 1577912400),
(175, 51, 1000, 1577998800),
(176, 51, 1000, 1578344400),
(177, 51, 1000, 1578517200),
(178, 51, 2000, 1578690000),
(179, 51, 1000, 1578862800),
(180, 51, 800, 1579122000),
(181, 52, 1000, 1577912400),
(182, 52, 1000, 1577998800),
(183, 52, 1000, 1578344400),
(184, 52, 1000, 1578517200),
(185, 52, 2000, 1578690000),
(186, 52, 1000, 1578862800),
(187, 52, 1000, 1579122000),
(188, 52, 1000, 1580072400),
(189, 52, 1000, 1580158800),
(190, 52, 1000, 1580245200),
(191, 52, 1000, 1580677200),
(192, 37, 5000, 1580850000),
(193, 52, 1000, 1580936400),
(194, 52, 4000, 1581282000),
(195, 55, 700, 1580331600),
(196, 55, 1000, 1580677200),
(197, 55, 500, 1581282000),
(198, 21, 2000, 1578517200),
(199, 12, 400, 1580418000),
(200, 12, 15000, 1580504400),
(201, 16, 3000, 1579122000),
(202, 16, 4000, 1582491600),
(203, 21, 2000, 1582578000),
(204, 25, 10000, 1578344400),
(205, 25, 10000, 1582059600),
(206, 29, 10000, 1579640400),
(207, 29, 9000, 1582664400),
(208, 30, 1500, 1577912400),
(209, 30, 1000, 1580158800),
(210, 30, 500, 1581886800),
(211, 30, 500, 1580936400),
(212, 31, 1000, 1579467600),
(213, 31, 1000, 1581022800),
(214, 32, 1500, 1578344400),
(215, 32, 1000, 1580850000),
(216, 34, 20200, 1580331600),
(217, 52, 2000, 1581454800),
(218, 52, 2000, 1581541200),
(219, 52, 1000, 1581886800),
(220, 52, 1000, 1582059600),
(221, 52, 1000, 1582318800),
(222, 52, 500, 1582491600),
(223, 52, 1000, 1582578000),
(224, 52, 2000, 1582923600),
(225, 52, 1000, 1582923600),
(226, 41, 1660, 1580418000),
(227, 38, 5500, 1580418000),
(228, 38, 5500, 1582837200);

-- --------------------------------------------------------

--
-- Table structure for table `members`
--

CREATE TABLE `members` (
  `member_id` int(11) NOT NULL,
  `m_no` int(11) NOT NULL,
  `name` varchar(255) NOT NULL,
  `phone` varchar(255) NOT NULL,
  `date_joined` int(255) NOT NULL,
  `id_no` int(11) NOT NULL,
  `status` tinyint(1) NOT NULL DEFAULT '0' COMMENT '0 waiting, 1 approved'
) ENGINE=InnoDB DEFAULT CHARSET=latin1;

--
-- Dumping data for table `members`
--

INSERT INTO `members` (`member_id`, `m_no`, `name`, `phone`, `date_joined`, `id_no`, `status`) VALUES
(1, 0, 'Vincent Ogega Mogaka', '0733815798', 1529182800, 13747576, 1),
(2, 0, 'Andrew Omuya', '0716015370', 1529182800, 11492800, 1),
(3, 0, 'Richard Momanyi', '0708391906', 1529182800, 9442387, 1),
(4, 0, 'Joseph Ndungu Romans', '0721168253', 1529182800, 3122606, 1),
(5, 0, 'Francis Kiarie Njoroge', '0712136450', 1529182800, 4426144, 1),
(6, 0, 'Antonette Oguna', '+4915216098618', 1529182800, 1982749, 3),
(7, 0, 'Risper Achieng Oguna', '0722948618', 1529182800, 8169547, 3),
(8, 0, 'Harisson Ontiri Nyamosi', '07242206889', 1529182800, 4122743, 1),
(9, 0, 'Boniface Mwangi Mwaniki', '0711313806', 1529182800, 7338665, 1),
(10, 0, 'Bob Moracha', '0720401471', 1529182800, 0, 1),
(11, 0, 'Maurice Rioba', '0722788620', 1529182800, 0, 1),
(12, 0, 'John Kiarie Muhoho', '0725962439', 1529182800, 360293, 1),
(13, 0, 'Barack Odhiambo Dongo', '0721814317', 1529182800, 11215617, 3),
(14, 0, 'Sebastian Rukungah Mwobobia', '0721427560', 1529182800, 5334479, 1),
(15, 0, 'Kennedy Mwobobia', '0716291005', 1529182800, 0, 1),
(16, 0, 'Erick Oloo', '0718185724', 1529182800, 21960928, 1),
(17, 0, 'Collins Omondi Juma', '0724573583', 1529182800, 23603038, 1),
(18, 0, 'Bonface Maina', '--', 1529182800, 0, 1),
(19, 0, 'Anthony Thuku', '0719799091', 1529182800, 9483374, 1),
(20, 0, 'Monica Akinyi Ogada', '0722389965', 1529182800, 13298945, 1),
(21, 0, 'Doris Akinyi Oloo', '0720300636', 1529182800, 13786274, 1),
(22, 0, 'Everline Odira Ogada', '0714114932', 1529182800, 27664174, 1),
(23, 0, 'Christine Ochieng', '0712875550', 1529182800, 28906118, 1),
(24, 0, 'Dorcas Awino Ouru', '0750644452', 1529182800, 37013713, 1),
(25, 0, 'Mary Nyambura Maina', '0722648805', 1529182800, 11546730, 1),
(26, 0, 'Alex mwangi Kihara', '0721707783', 1529182800, 11667112, 1),
(27, 0, 'Florence Omusonga', '0722300319', 1529182800, 10917632, 1),
(28, 0, 'Symon Ndung\'u Kamau', '0722300214', 1529182800, 330844, 1),
(29, 0, 'Jackson Kioi Irungu', '0725377326', 1529182800, 25446415, 1),
(30, 0, 'Johnson Moegi Onsongo', '0720078879', 1529182800, 10015594, 1),
(31, 0, 'Lazarus Monda Onganga', '0725628053', 1529182800, 558786, 1),
(32, 0, 'Jane Gesare Morang\'a', '0720861775', 1529182800, 8055366, 1),
(33, 0, 'Gabriel Onga', '0721303166', 1529182800, 7423835, 1),
(34, 0, 'Benedict Ouma', '0725227513', 1529182800, 32976441, 1),
(35, 0, 'John karichu Wanderi', '0727356516', 1529182800, 23386594, 1),
(36, 0, 'Peter Mwangi Gacheru', '0720205937', 1529269200, 3110066, 1),
(37, 0, 'Paul Magadi Gendia', '0721281789', 1529269200, 11214890, 1),
(38, 0, 'Daniel Ngaruiya Muthoni', '0710250530', 1529269200, 22331651, 1),
(39, 0, 'Jeremiah Muthui Wachira', '0722611303', 1529269200, 9270007, 1),
(40, 0, 'Wilfred Omong\'a Mose', '0712106962', 1529355600, 23227661, 1),
(41, 0, 'Fred Baraeni Ombasa', '0712978448', 1529355600, 29473569, 1),
(42, 0, 'Godfrey Gacwiri Muriithi', '0725416365', 1529355600, 21500896, 1),
(43, 0, 'Timothy Oluoch Owuor', '0716963718', 1529442000, 25060065, 1),
(44, 0, 'Mollyne Achieng Oluoch', '0719301717', 1529442000, 28242576, 1),
(45, 0, 'Mary Wambui Ogonyo', '0720250150', 1529442000, 11449619, 1),
(46, 0, 'Jane Mwihaki Mutahi', '0724458782', 1529442000, 23042852, 1),
(47, 0, 'Lucia Odhiambo', '07218118875', 1529442000, 11030983, 1),
(48, 0, 'Joseph Athembo Omondi', '0727263133', 1529442000, 26617162, 1),
(49, 0, 'Jane Wanjiku Muchuki', '0724785992', 1529442000, 10608029, 1),
(50, 0, 'Susan Atima Papai', '0719602516', 1529442000, 8399228, 1),
(51, 0, 'Linda Achieng Wade', '0713364997', 1529442000, 26785783, 1),
(52, 0, 'Morris Kimathi Muthee', '0717877955', 1529701200, 34456104, 1),
(53, 0, 'Virginia Mutindi Mathina', '0702726545', 1529874000, 318428881, 1),
(54, 0, 'Evelyne Gesare Osoro', '0795555478', 1529960400, 26899973, 1),
(55, 0, 'William Ulungu ', '0721657462', 1530046800, 20420287, 1),
(56, 0, 'Ainea Onyango Aganda', '0722809384', 1530046800, 2526632, 1),
(57, 0, 'Perminus Mwaniki Moreithi', '0725470083', 1530046800, 31060214, 1),
(58, 0, 'Cecilia Mwongeli Maweu', '0721999735', 1530046800, 22287988, 1),
(59, 0, 'Veronica Mwelu Muendo', '--', 1530046800, 0, 1),
(60, 0, 'Pius Muendo Mutiso', '0729537469', 1530046800, 13252808, 1),
(61, 0, 'David Mwebi Mogaka', '0705000978', 1530046800, 31006662, 1),
(62, 0, 'Nyagwoka Faracha Mogaka', '0714051995', 1530046800, 28117621, 1),
(63, 0, 'Henry Nyabuto Ongaga', '072259188', 1530046800, 6932693, 1),
(64, 0, 'Jackline Mochache ', '07234560467', 1530046800, 0, 1),
(65, 0, 'Zakaria Ondari Matari', '0746394138', 1530046800, 7844821, 1),
(66, 0, 'Pauline Mumbi Jenniffer', '0797257961', 1530133200, 32530037, 1),
(67, 0, 'Jenniffer Wairimu Njeru', '0722916289', 1530133200, 10188308, 1),
(68, 0, 'Rose Ogendo ', '0713706876', 1530133200, 21543924, 1),
(69, 0, 'Grace Wanjiru Gatimu', '0725459804', 1530133200, 23055780, 1),
(70, 0, 'Daniel Ochieng Ogolla', '0715509076', 1530219600, 27509210, 1),
(71, 0, 'Florence W Ndung\'u', '0722640817', 1530219600, 1892818, 1),
(72, 0, 'Dorothy A. Gogo', '0729437792', 1530219600, 13788186, 1),
(73, 0, 'Joseph Tom Mboya ', '0713726508', 1530219600, 11303108, 1),
(74, 0, 'Nerea Aoko Ochieng', '0714465048', 1530219600, 0, 1),
(75, 0, 'Edith AKinyi Onuko', '0713867515', 1530306000, 10702852, 1),
(76, 0, 'Charles Onyango Akura', '0720827980', 1530306000, 13373434, 1),
(77, 0, 'Florence Auma Agada', '0722349685', 1530392400, 6460869, 1),
(78, 0, 'Richard Mutava Musimbi', '0721504339', 1530392400, 13266795, 1),
(79, 0, 'Josephine Saringi Charana', '0722293606', 1530392400, 5843292, 1),
(80, 0, 'Musa Ochieng Ogada', '0701469552', 1530392400, 23009727, 1),
(81, 0, 'Jared Orori Abuga', '0726059705', 1530392400, 2242249, 1),
(82, 0, 'Margret Wangui Ndirangu ', '0721802027', 1530392400, 3396911, 1),
(83, 0, 'Devina Monyangi Orari ', '--', 1530392400, 25796944, 1),
(84, 0, 'Mary Nyokabi Kiarie', '--', 1530392400, 13216689, 1),
(85, 0, 'Wycliff Omagwa ', '0713063239', 1530392400, 0, 1),
(86, 0, 'Agnes Nkirote', '0723093510', 1530392400, 0, 1),
(87, 0, 'James Mwangi ', '0724545209', 1530392400, 11650498, 1),
(88, 0, 'Ali Dahir Mohamed', '0722494285', 1530392400, 3453213, 1),
(89, 0, 'Donbosco Okochil', '0726163902', 1530392400, 6087855, 1),
(90, 0, 'Joshat Kuria Mwaura', '0723939170', 1530392400, 13550783, 1),
(91, 0, 'Ibrahim Muiuri Kiboi', '0720107219', 1530392400, 14646155, 1),
(92, 0, 'Francis Obop Were', '--', 1530392400, 22140035, 1),
(93, 0, 'Stephen John Moenga', '0720517102', 1530392400, 14509160, 1),
(94, 0, 'Sophia Nyang\'ai', '0722659788', 1530392400, 10929066, 1),
(95, 0, 'Ben Mutua Daudi ', '0724780250', 1530392400, 2604186, 1),
(96, 0, 'Ceasar Karanja', '0723422203', 1530392400, 8243113, 1),
(97, 0, 'Stephen Omondi', '0721640810', 1530392400, 228177250, 1),
(98, 0, 'Esther Githua ', '0722346428', 1530392400, 8615626, 1),
(99, 0, 'Ian Oduor Okoth', '0704546490', 1530392400, 31865446, 1),
(100, 0, 'Sophia Wanjiru', '0717538737', 1530392400, 12499814, 1),
(101, 0, 'Denis Muchai Waithira', '0795555472', 1530392400, 33965641, 1),
(102, 0, 'Paul Muchai Waithira ', '0715861044', 1530392400, 28593969, 1),
(103, 0, 'Margaret Njeri ', '0703912060', 1530392400, 28641116, 1),
(104, 0, 'Teresia Muthoni', '0714039535', 1530392400, 11391532, 1),
(105, 0, 'James Amaya Marisa', '0727733250', 1530392400, 25598608, 1),
(106, 0, 'Betty Amalla', '0725782996', 1530392400, 218090031, 1),
(107, 0, 'Wesley Morang\'a ', '0725518128', 1530392400, 0, 1),
(108, 0, 'Caroline Waithera', '0710912802', 1530392400, 22401358, 1),
(109, 0, 'Tilus Maina ', '0727172434', 1530392400, 2373137, 1),
(110, 0, 'Michael Okello Juma ', '0721281733', 1530392400, 20198566, 1),
(111, 0, 'Regina Nthenya Musau', '0725504521', 1530392400, 1157858, 1),
(112, 0, 'Ogoti  Nyakenyanya Edward', '0731689*770', 1530392400, 26431516, 1),
(113, 0, 'Jemimah Wamboi', '0721135656', 1530392400, 13879520, 1),
(114, 0, 'Abraham Arasa Otiso', '0715534117', 1530651600, 22075065, 1),
(115, 0, 'Brian Ochieng Ouma', '0704288915', 1530738000, 29808721, 1),
(116, 0, 'Roseline Awuor Onyango', '0729472624', 1530738000, 10973955, 1),
(117, 0, 'Tobias Odhiambo Ojwang ', '0721151205', 1530738000, 25274616, 1),
(118, 0, 'Mohamed Osman Otieno', '0729229991', 1530910800, 32061116, 1),
(119, 0, 'Beatrice Okisai', '0722974950', 1530997200, 21090720, 1),
(120, 0, 'Dorcas Okisai Idionyi', '0727241738', 1530997200, 23073833, 1),
(121, 0, 'Francis Iluku Okochil', '0722870871', 1530997200, 0, 1),
(122, 0, 'Benard Oramisi', '0727142596', 1530997200, 0, 1),
(123, 0, 'Amoh Eroni Zarina', '0799281071', 1530997200, 31927257, 1),
(124, 0, 'Monchari Patricia Makori', '0713156763', 1531083600, 25278023, 1),
(125, 0, 'Alfred Odhiambo Omwoyo', '0725841367', 1531170000, 20454478, 1),
(126, 0, 'George Omondi Gworo', '0712212287', 1531170000, 27614019, 1),
(127, 0, 'Pascal Ondieki Makori ', '0729501049', 1531170000, 25311398, 1),
(128, 0, 'Joyce Wanjiru Njoroge', '0721549802', 1531342800, 8485524, 1),
(129, 0, 'Florence M. Waitherera Muraya', '0722993430', 1531342800, 7112508, 1),
(130, 0, 'Henry  Ng\'ang\'a Mbuthia', '0727485747', 1531688400, 5362421, 1),
(131, 0, 'Jamal Musilu Mutua ', '0769790241', 1532034000, 36923479, 1),
(132, 0, 'Valerie Wambani ', '0715019069', 1532206800, 3963851, 1),
(133, 0, 'Curtis Paul Wambani ', '0743810039', 1532206800, 36674396, 1),
(134, 0, 'Alicia Wabuti Wambani ', '0703142297', 1532206800, 30262965, 1),
(135, 0, 'Felister Nduta Muthoni ', '0721282582', 1532466000, 13702084, 1),
(136, 0, 'Mannases Omondi Okwaro', '0711635460', 1532466000, 26402554, 1),
(137, 0, 'Victor Ochieng Otieno', '0701460834', 1533934800, 0, 1),
(138, 0, 'Vivian Joyce Owoko ', '--', 1534712400, 0, 1),
(139, 0, 'Fridah Nthenya Mutuku', '0726520332', 1534971600, 25503317, 1),
(140, 0, 'Sharon Atieno Adede', '0797799735', 1534971600, 35144450, 1),
(141, 0, 'Judith Awino Ogutu', '0723508344', 1534971600, 13875334, 1),
(142, 0, 'Lavendar Atieno K\'ouru', '0718414531', 1535058000, 29458251, 1),
(143, 0, 'Wycliff Odhiambo Abeti', '0714749383', 1535490000, 25259354, 1),
(144, 0, 'Simon Odhiambo Okech', '0724847623', 1535749200, 11824396, 1),
(145, 0, 'Lucy Atieno Oduor', '0723813585', 1535749200, 25548035, 1),
(146, 0, 'Tabitha Nyambura Wangari', '0724996237', 1535922000, 27898464, 1),
(147, 0, 'Esther Wambui Wangari ', '0724996237', 1535922000, 27292217, 1),
(148, 0, 'Simon Mutinda Mwendwa', '0727058082', 1538427600, 20125025, 1),
(149, 0, 'Nancy Odhiambo Anyango', '0711984613', 1538686800, 24703238, 1),
(150, 0, 'Thomas Ouma Okeyo', '0721745349', 1538773200, 225337927, 1),
(151, 0, 'Austin Aduor Okech ', '0718071233', 1538773200, 27837317, 1),
(152, 0, 'Melkishadek Akoko Ochich', '0722799317', 1538946000, 10474022, 1),
(153, 0, 'duncan Nyabera Obenge', '0707763407', 1539032400, 25264319, 1),
(154, 0, 'Grace Njeri Mwangi', '0727866013', 1539637200, 0, 1),
(155, 0, 'Rosemary Waruguru Muthui', '0719187070', 1539637200, 0, 1),
(156, 0, 'Jacinta Mutheu Mututa', '0790970833', 1573060680, 0, 1),
(157, 0, 'Merceline Atieno Otieno', '0712544614', 1542920400, 26128158, 1),
(158, 0, 'Simon Githua', '0715100063', 1543093200, 25145812, 1),
(159, 0, 'Emilly Akoth Nyaoke', '0700351176', 1543438800, 30586440, 1),
(160, 0, 'Miriam Mugure Mwangi', '0724411789', 1543784400, 21928203, 1),
(161, 0, 'Edwin Kuya Sidori', '0723630286', 1543784400, 24039083, 1),
(162, 0, 'Gabriel Kioge Irungu', '0795947712', 1543957200, 37477185, 1),
(163, 0, 'Lilian Adimola Odinga', '+491785100580', 1543957200, 2384107, 1),
(164, 0, 'Irene Kemunto Nyasinga', '0716975022', 1545166800, 11703789, 1),
(165, 0, 'Nahason Bosire Kibiego', '0726499035', 1545166800, 26510374, 1),
(166, 0, 'Lorraine Moindi Omwona', '0708061522', 1545166800, 33081557, 1),
(167, 0, 'Stephen Lelei Malakwen', '0726200952', 1547154000, 13441820, 1),
(168, 0, 'Stephen Mbothua Muriithi', '0708528722', 1548190800, 20578460, 1),
(169, 0, 'Irene Wanjiku', '0721869720', 1548709200, 13694639, 1),
(170, 0, 'Fabisch Gititu', '0721535720', 1548709200, 37133321, 1),
(171, 0, 'Arnold Teti Ahoya', '0702847372', 1548968400, 27251321, 1),
(172, 0, 'James Okwach Ahoya', '0718711716', 1548968400, 0, 1),
(173, 0, 'Mueni Angelina Kaluki', '0701551706', 1549832400, 35860190, 1),
(174, 0, 'Joseph Kiaru Ngigi', '0726335424', 1549832400, 20026192, 1),
(175, 0, 'Melkazedek .O. Wasonga', '0718309467', 1549832400, 30066977, 1),
(176, 0, 'Maurice Owino Adewa', '0711183789', 1549832400, 27408544, 1),
(177, 0, 'Mourice Odhiambo', '0748788932', 1549832400, 36813632, 1),
(178, 0, 'Hellen Nyanchama Kiobo', '0714437553', 1549832400, 21846422, 1),
(179, 0, 'Sarah Kerubo Momanyi', '0725555965', 1549832400, 28036303, 1),
(180, 0, 'Mwanaisha Fadhili Ali', '0701898489', 1549832400, 28254766, 1),
(181, 0, 'Sarah Buyeke Atuti', '0720341028', 1550091600, 10021338, 1),
(182, 0, 'Caleb Orina Atuti', '0711361894', 1551387600, 37359963, 1),
(183, 0, 'Habil Sidori Ominde', '--', 1551819600, 1081615, 1),
(184, 0, 'George F. Otieno Okelo', '0722684788', 1551906000, 6178751, 1),
(185, 0, 'Elvis Silas Mong\'are', '0723553365', 1552856400, 29718435, 1),
(186, 0, 'Brayon Momanyi Mong\'are', '0721273315', 1552856400, 2483159, 1),
(187, 0, 'Henry Arisa Mose', '0720957602', 1553634000, 14533514, 1),
(188, 0, 'Amos Otieno Ogutu', '0704779868', 1554930000, 10597302, 1),
(189, 0, 'Nelson Mandela Odhiambo', '0726456501', 1557003600, 31871412, 1),
(190, 0, 'Nancy Kerubo Mosira', '0721418780', 1557867600, 33253068, 1),
(191, 0, 'John Ng\'ang\'a Gachiri', '0706206920', 1557954000, 31316634, 1),
(192, 0, 'Pius Usiu Syuki', '072354006', 1558472400, 0, 1),
(193, 0, 'Steve Oyoo Ayot', '0768748400', 1558818000, 37874036, 1),
(194, 0, 'Douglas Nyamwancha Mokua', '0700939794', 1559077200, 7317905, 1),
(195, 0, 'Mark Otieno Odhiambo', '0724533078', 1560373200, 20820235, 1),
(196, 0, 'Hannah Nyambura Njoroge', '0728875655', 1560373200, 7878495, 1),
(197, 0, 'Edwin Sagini Oyeka', '0712203611', 1561064400, 34422441, 1),
(198, 0, 'Purity Waithera Ndichu', '0729929109', 1561064400, 31005430, 1),
(199, 0, 'Manoa Muiamuia Andole', '0701349300', 1562014800, 10841192, 1),
(200, 0, 'Irene Mbuya Kasuu', '072407030', 1562446800, 14472207, 1),
(201, 0, 'margret wangui wango', '0724326873', 1562792400, 11071920, 1),
(202, 0, 'okello joel angiro', '0720614969', 1562878800, 22681480, 1),
(203, 0, 'lucas monyenya okenegwa', '0728418184', 1563310800, 558588, 1),
(204, 0, 'linet akinyi adera', '0719872988', 1565038800, 4510, 1),
(205, 0, 'kenneth kamau mukuria', '0720430004', 1565384400, 32422131, 1),
(206, 0, 'felix otieno odhiambo', '0798648420', 1566162000, 35217795, 1),
(207, 0, 'joshua mosoti masira', '0706795146', 1566334800, 22740112, 1),
(208, 0, 'elizabeth adhiambo alouch', '0725637568', 1566594000, 26487500, 1),
(209, 0, 'ogolah paul nyamwanda', '0722697099', 1567717200, 22956691, 1),
(210, 0, 'david lekopien m', '0716873099', 1568581200, 32938529, 1),
(211, 0, 'nicholas ouma olela', '0706026269', 1569099600, 29247662, 1),
(212, 0, 'victor omondi njoga', '0720071703', 1569099600, 33468873, 1),
(213, 0, 'angela wangari turungi', '0792323351', 1569272400, 34239787, 1),
(214, 0, 'clintone ojwang opana', '0798597918', 1569704400, 33293039, 1),
(215, 0, 'john bello ekunyuk', '0727623927', 1569963600, 12872157, 1),
(216, 0, 'stellah khaidi wanyama', '0798089529', 1571259600, 32783907, 1),
(217, 0, 'geoffrey otieno osumba', '0721339688', 1572814800, 21442602, 1),
(218, 0, 'antony wainaina njau', '0728434771', 1574715600, 5915260, 1),
(219, 0, 'caroline mueni', '0720317451', 1574888400, 28979237, 1),
(220, 0, 'teresa moraa ndege', '0735062731', 1577048400, 14697505, 1);

-- --------------------------------------------------------

--
-- Table structure for table `payments`
--

CREATE TABLE `payments` (
  `payment_id` int(11) NOT NULL,
  `member` int(11) NOT NULL,
  `amount` int(11) NOT NULL,
  `name` varchar(255) NOT NULL,
  `category` int(11) NOT NULL,
  `type` varchar(255) NOT NULL,
  `description` varchar(255) NOT NULL,
  `invoice` varchar(255) NOT NULL,
  `date` int(255) NOT NULL
) ENGINE=InnoDB DEFAULT CHARSET=latin1;

--
-- Dumping data for table `payments`
--

INSERT INTO `payments` (`payment_id`, `member`, `amount`, `name`, `category`, `type`, `description`, `invoice`, `date`) VALUES
(2, 2, 1000, 'Andrew Omuya', 2, 'income', '', '7b91a53eac', 1530306000),
(3, 3, 1000, 'Richard Momanyi', 2, 'income', '', 'ac6d5e9afc', 1530306000),
(4, 200, 1000, 'Irene Mbuya Kasuu', 2, 'income', '', '7a15b7b0cf', 1562446800),
(5, 200, 150, 'Irene Mbuya Kasuu', 3, 'income', '', 'f0c57372eb', 1562446800),
(6, 200, 200, 'Irene Mbuya Kasuu', 1, 'income', '', '9ddb198c60', 1562446800),
(9, 202, 150, 'okello joel angiro', 3, 'income', '', '6e3b2617ce', 1562878800),
(10, 1, 1000, 'Vincent Ogega Mogaka', 2, 'income', '', '2ced18c3ec', 1529182800),
(11, 167, 1000, 'Stephen Lelei Malakwen', 2, 'income', '', '7dde306327', 1547154000),
(12, 167, 200, 'Stephen Lelei Malakwen', 1, 'income', '', '73e28aec29', 1547154000),
(13, 167, 150, 'Stephen Lelei Malakwen', 3, 'income', '', '9da67cab8e', 1547154000),
(14, 124, 200, 'Monchari Patricia Makori', 1, 'income', '', '2b7e133db7', 1548104400),
(15, 124, 150, 'Monchari Patricia Makori', 3, 'income', '', 'e9de769472', 1548104400),
(16, 168, 1000, 'Stephen Mbothua Muriithi', 2, 'income', '', '31e5e217f3', 1548190800),
(17, 168, 200, 'Stephen Mbothua Muriithi', 1, 'income', '', '5991b5506c', 1548190800),
(18, 168, 150, 'Stephen Mbothua Muriithi', 3, 'income', '', '38c53e3e41', 1548190800),
(19, 153, 200, 'duncan Nyabera Obenge', 1, 'income', '', '5490bbdde3', 1548450000),
(20, 68, 200, 'Rose Ogendo ', 1, 'income', '', 'ab157c5551', 1548450000),
(21, 34, 200, 'Benedict Ouma Ouru', 1, 'income', '', '440cb0f773', 1548709200),
(22, 34, 150, 'Benedict Ouma Ouru', 3, 'income', '', '7aa9c7b986', 1548709200),
(23, 75, 200, 'Edith AKinyi Onuku', 1, 'income', '', '8c573a57bf', 1548709200),
(24, 75, 150, 'Edith AKinyi Onuku', 3, 'income', '', 'f377a7bdd6', 1548709200),
(25, 24, 200, 'Dorcas Awino Ouru', 1, 'income', '', '3ec70efcf1', 1548709200),
(26, 24, 150, 'Dorcas Awino Ouru', 3, 'income', '', 'a78bacac5e', 1548709200),
(27, 142, 200, 'Lavendar Atieno K\'ouru', 1, 'income', '', 'e817b9b857', 1548709200),
(28, 142, 150, 'Lavendar Atieno K\'ouru', 3, 'income', '', '327bc8989f', 1548709200),
(29, 169, 1000, 'Irene Wanjiku', 2, 'income', '', '493916646f', 1548709200),
(30, 170, 1000, 'Fabisch Gititu', 2, 'income', '', '13c32fdb2f', 1548709200),
(31, 162, 200, 'Gabriel Kioge Irungu', 1, 'income', '', 'a7823db300', 1546290000),
(33, 93, 200, 'Stephen John Muenga ', 1, 'income', '', 'f94b26d9ee', 1548104400),
(34, 93, 150, 'Stephen John Muenga ', 3, 'income', '', 'a5ec9e2dbc', 1548104400),
(35, 171, 1000, 'Arnold Teti Ahoya', 2, 'income', '', '25ca0294bb', 1548968400),
(36, 172, 1000, 'James Okwach Ahoya', 2, 'income', '', 'af0dd7f4c5', 1548968400),
(37, 51, 50, 'Linda Achieng Wade', 1, 'income', '', '69243cf389', 1549227600),
(38, 1, 200, 'Vincent Ogega Mogaka', 1, 'income', '', '46bebe34bc', 1549227600),
(39, 1, 150, 'Vincent Ogega Mogaka', 3, 'income', '', '46fdc8e9c4', 1549227600),
(40, 94, 200, 'Sophia Nyang\'ai', 1, 'income', '', '99698cab9c', 1549227600),
(41, 94, 150, 'Sophia Nyang\'ai', 3, 'income', '', '0f2bd97e82', 1549227600),
(42, 173, 1000, 'Mueni Angelina Kaluki', 2, 'income', '', 'c625802937', 1549832400),
(43, 173, 200, 'Mueni Angelina Kaluki', 1, 'income', '', '3b8e352f9d', 1549832400),
(44, 173, 150, 'Mueni Angelina Kaluki', 3, 'income', '', '4249204f48', 1549832400),
(45, 174, 1000, 'Joseph Kiaru Ngigi', 2, 'income', '', 'c8903e0e9b', 1549832400),
(46, 174, 200, 'Joseph Kiaru Ngigi', 1, 'income', '', 'cf1b142177', 1549832400),
(47, 174, 150, 'Joseph Kiaru Ngigi', 3, 'income', '', 'eda682903a', 1549832400),
(48, 175, 1000, 'Melkazedek .O. Wasonga', 2, 'income', '', '6a9ec25508', 1549832400),
(49, 175, 200, 'Melkazedek .O. Wasonga', 1, 'income', '', 'c63089a84d', 1549832400),
(50, 175, 150, 'Melkazedek .O. Wasonga', 3, 'income', '', '0974f22695', 1549832400),
(51, 176, 1000, 'Maurice Owino Adewa', 2, 'income', '', '23c68b9781', 1549832400),
(52, 176, 200, 'Maurice Owino Adewa', 1, 'income', '', '5b0fd73d13', 1549832400),
(53, 176, 150, 'Maurice Owino Adewa', 3, 'income', '', '4eac70592e', 1549832400),
(54, 177, 1000, 'Mourice Odhiambo', 2, 'income', '', '218d7e3e98', 1549832400),
(55, 177, 200, 'Mourice Odhiambo', 1, 'income', '', 'ded6d7fae3', 1549832400),
(56, 177, 150, 'Mourice Odhiambo', 3, 'income', '', 'e0bb33ef61', 1549832400),
(57, 180, 1000, 'Mwanaisha Fadhili Ali', 2, 'income', '', '16c1b2b1f3', 1549832400),
(58, 180, 200, 'Mwanaisha Fadhili Ali', 1, 'income', '', 'b956643488', 1549832400),
(59, 180, 150, 'Mwanaisha Fadhili Ali', 3, 'income', '', '7099b343c9', 1549832400),
(60, 180, 100, 'Mwanaisha Fadhili Ali', 9, 'income', '', 'bd2f8eb86b', 1549832400),
(63, 10, 200, 'Bob Moracha', 1, 'income', '', 'c9590b3631', 1549918800),
(64, 10, 150, 'Bob Moracha', 3, 'income', '', '8273b5b77d', 1549918800),
(65, 11, 200, 'Maurice Rioba', 1, 'income', '', '8a78c751ae', 1549918800),
(66, 11, 150, 'Maurice Rioba', 3, 'income', '', 'c05b32eb62', 1549918800),
(67, 39, 100, 'Jeremiah Muthui Wachira', 9, 'income', '', '2a8d91e8cc', 1550005200),
(68, 67, 200, 'Jenniffer Wairimu Njeru', 1, 'income', '', '612d6e5cd5', 1550005200),
(69, 67, 150, 'Jenniffer Wairimu Njeru', 3, 'income', '', 'beedf00e8e', 1550005200),
(71, 76, 200, 'Charles Onyango Akura', 1, 'income', '', 'b32cb65d8d', 1551301200),
(72, 76, 150, 'Charles Onyango Akura', 3, 'income', '', '0d94751f5e', 1551301200),
(73, 145, 200, 'Lucy Atieno Oduor', 1, 'income', '', 'e0be80470a', 1551301200),
(74, 145, 150, 'Lucy Atieno Oduor', 3, 'income', '', 'bde2294a7a', 1551301200),
(75, 181, 1000, 'Sarah Buyeke Atuti', 2, 'income', '', 'f4ef85625c', 1550091600),
(76, 182, 1000, 'Caleb Orina Atuti', 2, 'income', '', '29d5b4db7c', 1551387600),
(77, 182, 200, 'Caleb Orina Atuti', 1, 'income', '', '096563908d', 1551387600),
(78, 182, 150, 'Caleb Orina Atuti', 3, 'income', '', '56d2cd7816', 1551387600),
(79, 31, 200, 'Lazarus Monda Onganga', 1, 'income', '', '2f12dae9e4', 1551819600),
(80, 183, 1000, 'Habil Sidori Ominde', 2, 'income', '', '0d07c886fc', 1551819600),
(81, 183, 200, 'Habil Sidori Ominde', 1, 'income', '', '35df1ae11c', 1551819600),
(82, 183, 150, 'Habil Sidori Ominde', 3, 'income', '', '6ce6f20280', 1551819600),
(83, 183, 100, 'Habil Sidori Ominde', 9, 'income', '', '971a3d3d91', 1551819600),
(84, 184, 1000, 'George F. Otieno Okelo', 2, 'income', '', '633b920cab', 1551906000),
(86, 184, 150, 'George F. Otieno Okelo', 3, 'income', '', 'af06b5cb84', 1551906000),
(87, 184, 100, 'George F. Otieno Okelo', 9, 'income', '', 'd38441a121', 1551906000),
(88, 185, 200, 'Elvis Silas Mong\'are', 1, 'income', '', 'bc59435992', 1552856400),
(89, 185, 150, 'Elvis Silas Mong\'are', 3, 'income', '', 'a25e97defc', 1552856400),
(90, 185, 1000, 'Elvis Silas Mong\'are', 2, 'income', '', '284c7f2707', 1552856400),
(91, 186, 1000, 'Brayon Momanyi Mong\'are', 2, 'income', '', '763942f887', 1552856400),
(92, 186, 200, 'Brayon Momanyi Mong\'are', 1, 'income', '', '2f758b9384', 1552856400),
(93, 186, 150, 'Brayon Momanyi Mong\'are', 3, 'income', '', '3b6e8dfea3', 1552856400),
(94, 48, 200, 'Joseph Athembo Omondi', 1, 'income', '', 'a84d1b570a', 1552942800),
(95, 0, 100, 'rosemary mogongo', 9, 'income', '', '63605da2dc', 1552942800),
(96, 187, 1000, 'Henry Arisa Mose', 2, 'income', '', '06e2ade016', 1553634000),
(97, 127, 100, 'Pascal Ondieki Makori ', 1, 'income', '', '8b96da7446', 1553634000),
(98, 0, 100, 'brian', 9, 'income', '', '1aff11d3b7', 1553893200),
(99, 187, 200, 'Henry Arisa Mose', 1, 'income', '', 'cff426d5d2', 1554066000),
(100, 187, 150, 'Henry Arisa Mose', 3, 'income', '', '1a0a4a20e8', 1554066000),
(101, 153, 150, 'duncan Nyabera Obenge', 3, 'income', '', '0826754e59', 1554757200),
(102, 188, 1000, 'Amos Otieno Ogutu', 2, 'income', '', '0544274c36', 1554930000),
(103, 188, 200, 'Amos Otieno Ogutu', 1, 'income', '', '3dbb3ef18f', 1554930000),
(104, 188, 150, 'Amos Otieno Ogutu', 3, 'income', '', '362060b1dd', 1554930000),
(105, 9, 200, 'Boniface Mwangi Mwaniki', 1, 'income', '', '818bdaa6c8', 1555275600),
(106, 9, 150, 'Boniface Mwangi Mwaniki', 3, 'income', '', '90956a7189', 1555275600),
(107, 143, 200, 'Wycliff Odhiambo Abeti', 1, 'income', '', '3990bf720f', 1556744400),
(108, 143, 150, 'Wycliff Odhiambo Abeti', 3, 'income', '', 'e6ff26fec2', 1556744400),
(109, 189, 1000, 'Nelson Mandela Odhiambo', 2, 'income', '', '90a0a1dff7', 1557090000),
(110, 189, 200, 'Nelson Mandela Odhiambo', 1, 'income', '', '0aa5fba279', 1557090000),
(111, 189, 150, 'Nelson Mandela Odhiambo', 3, 'income', '', 'd73ae9b0e0', 1557090000),
(112, 128, 50, 'Joyce Wanjiru Njoroge', 3, 'income', '', '160f18a8e2', 1557522000),
(113, 44, 200, 'Mollyne Achieng Oluoch', 1, 'income', '', 'f4278122db', 1557867600),
(114, 44, 150, 'Mollyne Achieng Oluoch', 3, 'income', '', 'd91835460c', 1557867600),
(115, 43, 200, 'Timothy Oluoch Owuor', 1, 'income', '', '089a806757', 1557867600),
(116, 43, 150, 'Timothy Oluoch Owuor', 3, 'income', '', 'e2f5362c4e', 1557867600),
(117, 191, 1000, 'John Ng\'ang\'a Gachiri', 2, 'income', '', 'fcb437f979', 1557954000),
(118, 191, 200, 'John Ng\'ang\'a Gachiri', 1, 'income', '', '5dae09b833', 1557954000),
(119, 191, 150, 'John Ng\'ang\'a Gachiri', 3, 'income', '', '4f6d62e1dd', 1557954000),
(120, 190, 1000, 'Nancy Kerubo Mosira', 2, 'income', '', 'd9440d516b', 1557954000),
(121, 190, 200, 'Nancy Kerubo Mosira', 1, 'income', '', 'dbfa7659d9', 1557954000),
(122, 190, 150, 'Nancy Kerubo Mosira', 3, 'income', '', 'e7907d94ea', 1557954000),
(123, 192, 1000, 'Pius Usiu Syuki', 2, 'income', '', '05c3871ca8', 1558472400),
(124, 192, 200, 'Pius Usiu Syuki', 1, 'income', '', '9c9ecd2cd2', 1558645200),
(125, 192, 150, 'Pius Usiu Syuki', 3, 'income', '', '91110c331c', 1558645200),
(126, 193, 1000, 'Steve Oyoo Ayot', 2, 'income', '', '56352b6eb7', 1558818000),
(127, 193, 200, 'Steve Oyoo Ayot', 1, 'income', '', '1ca7b91e61', 1558818000),
(128, 193, 150, 'Steve Oyoo Ayot', 3, 'income', '', '992dbab035', 1558818000),
(129, 45, 200, 'Mary Wambui Ogonyo', 1, 'income', '', 'ad681f0fbe', 1558990800),
(130, 45, 150, 'Mary Wambui Ogonyo', 3, 'income', '', '0b17b7337e', 1558990800),
(131, 194, 1000, 'Douglas Nyamwancha Mokua', 2, 'income', '', '3ce3d9b1c6', 1559077200),
(132, 194, 200, 'Douglas Nyamwancha Mokua', 1, 'income', '', 'f686282297', 1559077200),
(133, 194, 150, 'Douglas Nyamwancha Mokua', 3, 'income', '', 'b728fb2875', 1559077200),
(134, 27, 200, 'Florence Omusonga', 1, 'income', '', 'd3705bb9c1', 1560546000),
(135, 27, 150, 'Florence Omusonga', 3, 'income', '', 'b18e737397', 1560546000),
(136, 28, 200, 'Symon Ndung\'u Kamau', 1, 'income', '', 'b7fa80a58a', 1560546000),
(137, 28, 150, 'Symon Ndung\'u Kamau', 3, 'income', '', '38ff8e9ff5', 1560546000),
(138, 129, 200, 'Florence M. Waitherera Muraya', 1, 'income', '', '65a972819f', 1561323600),
(139, 129, 150, 'Florence M. Waitherera Muraya', 3, 'income', '', '9a3d56e2b0', 1561323600),
(140, 197, 200, 'Edwin Sagini Oyeka', 1, 'income', '', '9a554d74a9', 1561064400),
(141, 197, 150, 'Edwin Sagini Oyeka', 3, 'income', '', '02738399a9', 1561064400),
(142, 198, 200, 'Purity Waithera Ndichu', 1, 'income', '', '3ad85005b6', 1561064400),
(143, 198, 150, 'Purity Waithera Ndichu', 3, 'income', '', '3239d85534', 1561064400),
(144, 160, 1000, 'Miriam Mugure Mwangi', 2, 'income', '', '136692582d', 1543784400),
(145, 161, 1000, 'Edwin Kuya Sidori', 2, 'income', '', 'f95a6cc837', 1543784400),
(146, 161, 200, 'Edwin Kuya Sidori', 1, 'income', '', '3bfd4be198', 1543784400),
(147, 161, 150, 'Edwin Kuya Sidori', 3, 'income', '', 'ddce5cc51f', 1543784400),
(149, 126, 100, 'George Omondi Gworo', 9, 'income', '', '028a3eaf55', 1543957200),
(152, 26, 200, 'Alex mwangi Kihara', 1, 'income', '', 'b6b23e81f6', 1544994000),
(153, 26, 150, 'Alex mwangi Kihara', 3, 'income', '', '43fcd07485', 1544994000),
(154, 3, 200, 'Richard Momanyi', 1, 'income', '', '4ae50ceb95', 1544994000),
(155, 3, 150, 'Richard Momanyi', 3, 'income', '', '3a2181164c', 1544994000),
(156, 99, 200, 'Ian Oduor Okoth', 1, 'income', '', 'd027cd9318', 1544994000),
(157, 99, 150, 'Ian Oduor Okoth', 3, 'income', '', '7528bcdbdc', 1544994000),
(158, 163, 1000, 'Lilian Adimola Odinga', 2, 'income', '', 'b2ecbb149a', 1543957200),
(159, 17, 200, 'Collins Omondi Juma', 1, 'income', '', '6d72d8a345', 1544994000),
(160, 17, 150, 'Collins Omondi Juma', 3, 'income', '', '2bee071d47', 1544994000),
(161, 0, 1300, 'Jointly to 13 Non Members', 9, 'income', 'Jointly sold to 13 non-members', 'feb962e913', 1544562000),
(162, 164, 1000, 'Irene Kemunto Nyasinga', 2, 'income', '', 'f70389a81f', 1545166800),
(163, 164, 200, 'Irene Kemunto Nyasinga', 1, 'income', '', 'be50455be0', 1545166800),
(165, 165, 1000, 'Nahason Bosire Kibiego', 2, 'income', '', '8f6cbb3680', 1545166800),
(166, 166, 1000, 'Lorraine Moindi Omwona', 2, 'income', '', '661d5e8639', 1545166800),
(167, 166, 200, 'Lorraine Moindi Omwona', 1, 'income', '', 'f583794d34', 1545166800),
(168, 166, 150, 'Lorraine Moindi Omwona', 3, 'income', '', 'bdc52ca77e', 1545166800),
(169, 165, 200, 'Nahason Bosire Kibiego', 1, 'income', '', '15b82075c4', 1545166800),
(170, 165, 150, 'Nahason Bosire Kibiego', 3, 'income', '', '7adecbc0f0', 1545166800),
(171, 164, 150, 'Irene Kemunto Nyasinga', 3, 'income', '', 'e0d622c625', 1545166800),
(172, 0, 100, 'Nixon Kinyongo', 9, 'income', '', '71c8a82ec8', 1545166800),
(173, 97, 200, 'Stephen Omondi', 1, 'income', '', '4b6b393a18', 1545253200),
(174, 97, 150, 'Stephen Omondi', 3, 'income', '', '345055ef98', 1545253200),
(175, 0, 100, 'Simon Mungai', 9, 'income', '', '7e21562a5c', 1545426000),
(176, 39, 200, 'Jeremiah Muthui Wachira', 1, 'income', '', '6a1bc132e6', 1543093200),
(177, 39, 150, 'Jeremiah Muthui Wachira', 3, 'income', '', '6e050f321f', 1543093200),
(178, 154, 200, 'Grace Njeri Mwangi', 1, 'income', '', '58d7643a8e', 1543093200),
(179, 154, 150, 'Grace Njeri Mwangi', 3, 'income', '', 'be474459ff', 1543093200),
(180, 155, 200, 'Rosemary Waruguru Muthui', 1, 'income', '', '0f9d9dbe5e', 1543093200),
(181, 155, 150, 'Rosemary Waruguru Muthui', 3, 'income', '', '19f1e5671c', 1543093200),
(182, 94, 100, 'Sophia Nyang\'ai', 9, 'income', '', 'd3b186fc69', 1543093200),
(183, 159, 1000, 'Emilly Akoth Nyaoke', 2, 'income', '', '4679956b2c', 1543438800),
(184, 159, 100, 'Emilly Akoth Nyaoke', 9, 'income', '', '7d6264d005', 1543438800),
(185, 5, 100, 'Francis Kiarie Njoroge', 9, 'income', '', 'acb1ca8ac3', 1543093200),
(186, 0, 100, 'Anthony Angola', 9, 'income', '', '35c7c0a473', 1543093200),
(189, 161, 200, 'Edwin Kuya Sidori', 1, 'income', '', 'e3321dbd9e', 1543784400),
(191, 161, 100, 'Edwin Kuya Sidori', 9, 'income', '', '2e5bb07d1b', 1543784400),
(193, 156, 1000, 'Jacinta Mutheu Mututa', 2, 'income', '', '8354dc7219', 1541451600),
(196, 4, 1000, 'Joseph Ndungu Romans', 2, 'income', '', '0780f97670', 1529182800),
(197, 5, 1000, 'Francis Kiarie Njoroge', 2, 'income', '', '9e4cb7ba78', 1529182800),
(198, 6, 1000, 'Antonette Oguna', 2, 'income', '', 'ab3741e95c', 1529182800),
(199, 7, 1000, 'Risper Achieng Oguna', 2, 'income', '', '3557f471e9', 1529182800),
(200, 8, 1000, 'Harisson Ontiri Nyamosi', 2, 'income', '', '73cc987988', 1529182800),
(201, 9, 1000, 'Boniface Mwangi Mwaniki', 2, 'income', '', 'b72327c7e6', 1529182800),
(202, 10, 1000, 'Bob Moracha', 2, 'income', '', '2d73065306', 1529182800),
(203, 11, 1000, 'Maurice Rioba', 2, 'income', '', '3df5eb8bd7', 1529182800),
(204, 12, 1000, 'John Kiarie Muhoho', 2, 'income', '', 'a5606b5e1f', 1529182800),
(205, 14, 1000, 'Sebastian Rukungah Mwobobia', 2, 'income', '', '89f63b36e8', 1529182800),
(206, 15, 1000, 'Kennedy Mwobobia', 2, 'income', '', '097542d5fc', 1529182800),
(207, 16, 1000, 'Erick Oloo', 2, 'income', '', 'ee977bdb4a', 1529182800),
(208, 17, 1000, 'Collins Omondi Juma', 2, 'income', '', '314ef3acc1', 1529182800),
(209, 18, 1000, 'Bonface Maina', 2, 'income', '', '8209cced46', 1529182800),
(210, 19, 1000, 'Anthony Thuku', 2, 'income', '', 'c97f21f1d2', 1529182800),
(211, 20, 1000, 'Monica Akinyi Ogada', 2, 'income', '', '003169c236', 1529182800),
(212, 21, 1000, 'Doris Akinyi Oloo', 2, 'income', '', '037de38ff0', 1529182800),
(213, 22, 1000, 'Everline Odira Ogada', 2, 'income', '', 'a9e0aa0c07', 1529182800),
(214, 23, 1000, 'Christine Ochieng', 2, 'income', '', '611e70d6df', 1529182800),
(215, 24, 1000, 'Dorcas Awino Ouru', 2, 'income', '', 'a522efff42', 1529182800),
(216, 25, 1000, 'Mary Nyambura Maina', 2, 'income', '', 'c1ea6504f2', 1529182800),
(217, 26, 1000, 'Alex mwangi Kihara', 2, 'income', '', '23a4fe5b66', 1529182800),
(218, 27, 1000, 'Florence Omusonga', 2, 'income', '', '4f90801842', 1529182800),
(219, 28, 1000, 'Symon Ndung\'u Kamau', 2, 'income', '', '54082c7f65', 1529182800),
(220, 29, 1000, 'Jackson Kioi Irungu', 2, 'income', '', '23ef77c403', 1529182800),
(221, 30, 1000, 'Johnson Moegi Onsongo', 2, 'income', '', '0cd46824a1', 1529182800),
(222, 31, 1000, 'Lazarus Monda Onganga', 2, 'income', '', 'c16e165645', 1529182800),
(223, 32, 1000, 'Jane Gesare Morang\'a', 2, 'income', '', 'cb550cdd76', 1529182800),
(224, 33, 1000, 'Gabriel Onga', 2, 'income', '', '2067dd3c96', 1529182800),
(225, 34, 1000, 'Benedict Ouma Ouru', 2, 'income', '', 'c3f527ec60', 1529182800),
(226, 35, 1000, 'John karichu Wanderi', 2, 'income', '', 'c762104eb9', 1529182800),
(227, 36, 1000, 'Peter Mwangi Gacheru', 2, 'income', '', '22132dbeec', 1529269200),
(228, 38, 1000, 'Daniel Ngaruiya Muthoni', 2, 'income', '', 'bffb22bbe8', 1529269200),
(229, 39, 1000, 'Jeremiah Muthui Wachira', 2, 'income', '', '88d5bfaeb8', 1529269200),
(230, 40, 1000, 'Wilfred Omong\'a Mose', 2, 'income', '', 'be6a0c3f74', 1529355600),
(231, 41, 1000, 'Fred Baraeni Ombasa', 2, 'income', '', '8c6f7b051b', 1529355600),
(232, 42, 1000, 'Godfrey Gacwiri Muriithi', 2, 'income', '', 'e52d2efbdd', 1529442000),
(233, 43, 1000, 'Timothy Oluoch Owuor', 2, 'income', '', '5db0dd0bda', 1529442000),
(234, 44, 1000, 'Mollyne Achieng Oluoch', 2, 'income', '', '3e8555189c', 1529442000),
(235, 45, 1000, 'Mary Wambui Ogonyo', 2, 'income', '', '675d2041dd', 1529442000),
(236, 46, 1000, 'Jane Mwihaki Mutahi', 2, 'income', '', '90b9850a60', 1529442000),
(237, 47, 1000, 'Lucia Odhiambo', 2, 'income', '', '7d77a331e7', 1529442000),
(238, 48, 1000, 'Joseph Athembo Omondi', 2, 'income', '', 'f3de04178a', 1529442000),
(239, 49, 1000, 'Jane Wanjiku Muchuki', 2, 'income', '', 'f7274f8461', 1529442000),
(240, 50, 1000, 'Susan Atima Papai', 2, 'income', '', '5c50801126', 1529442000),
(241, 51, 1000, 'Linda Achieng Wade', 2, 'income', '', '9585359b50', 1529528400),
(242, 52, 1000, 'Morris Kimathi Muthee', 2, 'income', '', 'a5c5caf430', 1529701200),
(243, 53, 1000, 'Virginia Mutindi Mathina', 2, 'income', '', 'c3ab423a5d', 1529874000),
(244, 54, 1000, 'Evelyne Gesare Osoro', 2, 'income', '', '9afb3fa7ff', 1529960400),
(245, 55, 1000, 'William Ulungu ', 2, 'income', '', '5d602175c2', 1530046800),
(246, 56, 1000, 'Ainea Onyango Aganda', 2, 'income', '', 'd1b23c76da', 1530046800),
(247, 57, 1000, 'Perminus Mwaniki Moreithi', 2, 'income', '', '04083cd44e', 1530046800),
(248, 58, 1000, 'Cecilia Mwongeli Maweu', 2, 'income', '', '080d9db592', 1530046800),
(249, 59, 1000, 'Veronica Mwelu Muendo', 2, 'income', '', '8a33d49be3', 1530046800),
(250, 60, 1000, 'Pius Muendo Mutiso', 2, 'income', '', 'f021a24694', 1530046800),
(251, 61, 1000, 'David Mwebi Mogaka', 2, 'income', '', '544ff632c1', 1530046800),
(252, 62, 1000, 'Nyagwoka Faracha Mogaka', 2, 'income', '', 'abe004bbd8', 1530046800),
(254, 63, 1000, 'Henry Nyabuto Ongaga', 2, 'income', '', '789940e7f8', 1530046800),
(256, 65, 1000, 'Zakaria Ondari Matari', 2, 'income', '', '150d938f0d', 1530046800),
(257, 66, 1000, 'Pauline Mumbi Jenniffer', 2, 'income', '', 'c4a6c55745', 1530133200),
(258, 67, 1000, 'Jenniffer Wairimu Njeru', 2, 'income', '', '3eb2345f65', 1530133200),
(259, 68, 1000, 'Rose Ogendo ', 2, 'income', '', 'b08efc4414', 1530133200),
(260, 69, 1000, 'Grace Wanjiru Gatimu', 2, 'income', '', '4639b51bc2', 1530133200),
(261, 70, 1000, 'Daniel Ochieng Ogolla', 2, 'income', '', 'c520523374', 1530219600),
(262, 71, 1000, 'Florence W Ndung\'u', 2, 'income', '', 'e3fa6e0360', 1530219600),
(263, 72, 1000, 'Dorothy A. Gogo', 2, 'income', '', 'd01708da1f', 1530219600),
(264, 73, 1000, 'Joseph Tom Mboya ', 2, 'income', '', '75ed89a1a4', 1530219600),
(265, 74, 1000, 'Nerea Aoko Ochieng', 2, 'income', '', 'b612cbd90b', 1530219600),
(266, 75, 1000, 'Edith AKinyi Onuko', 2, 'income', '', '3de4d1b255', 1530306000),
(267, 76, 1000, 'Charles Onyango Akura', 2, 'income', '', '8c5b7e5d0f', 1530306000),
(268, 64, 1000, 'Jackline Mochache ', 2, 'income', '', 'a1bca1d5d4', 1530046800),
(270, 37, 1000, 'Paul Magadi Gendia', 2, 'income', '', 'ca51c49a07', 1529269200),
(271, 77, 1000, 'Florence Auma Agada', 2, 'income', '', 'f2e6e2f66c', 1530392400),
(272, 78, 1000, 'Richard Mutava Musimbi', 2, 'income', '', '83c8f80af6', 1530392400),
(273, 79, 1000, 'Josephine Saringi Charana', 2, 'income', '', 'a711346764', 1530392400),
(274, 80, 1000, 'Musa Ochieng Ogada', 2, 'income', '', '55a2a2804e', 1530392400),
(275, 82, 1000, 'Margret Wangui Ndirangu ', 2, 'income', '', '1ab3b8c292', 1530392400),
(277, 81, 1000, 'Jared Orori Abuga', 2, 'income', '', '7bc78e9582', 1530392400),
(278, 83, 1000, 'Devina Monyangi Orari ', 2, 'income', '', '213f0fe400', 1530392400),
(279, 84, 1000, 'Mary Nyokabi Kiarie', 2, 'income', '', '8dd97e33b5', 1530392400),
(280, 85, 1000, 'Wycliff Omagwa ', 2, 'income', '', 'e01452c81b', 1530392400),
(281, 86, 1000, 'Agnes Nkirote', 2, 'income', '', 'bd39febb95', 1530392400),
(282, 87, 1000, 'James Mwangi ', 2, 'income', '', '14440405b2', 1530392400),
(283, 88, 1000, 'Ali Dahir Mohamed', 2, 'income', '', '5ac21d5db6', 1530392400),
(284, 89, 1000, 'Donbosco Okochil', 2, 'income', '', '58932a942d', 1530392400),
(285, 90, 1000, 'Joshat Kuria Mwaura', 2, 'income', '', '5d4b9b9c31', 1530392400),
(286, 92, 1000, 'Francis Obop Were', 2, 'income', '', '1c5e96571c', 1530392400),
(287, 91, 1000, 'Ibrahim Muiuri Kiboi', 2, 'income', '', '2f335e7a2e', 1530392400),
(288, 93, 1000, 'Stephen John Moenga', 2, 'income', '', '133b9ffe7e', 1530392400),
(289, 94, 1000, 'Sophia Nyang\'ai', 2, 'income', '', 'dab3cf73f6', 1530392400),
(290, 95, 1000, 'Ben Mutua Daudi ', 2, 'income', '', 'b03cf44657', 1530392400),
(291, 96, 1000, 'Ceasar Karanja', 2, 'income', '', '6adac4a29b', 1530392400),
(292, 97, 1000, 'Stephen Omondi', 2, 'income', '', '9f04a30962', 1530392400),
(293, 98, 1000, 'Esther Githua ', 2, 'income', '', '8badb5bb3c', 1530392400),
(294, 99, 1000, 'Ian Oduor Okoth', 2, 'income', '', '96d5fde94d', 1530392400),
(295, 100, 1000, 'Sophia Wanjiru', 2, 'income', '', '6b9090bdc4', 1530392400),
(296, 101, 1000, 'Denis Muchai Waithira', 2, 'income', '', '383c559ec0', 1530392400),
(297, 102, 1000, 'Paul Muchai Waithira ', 2, 'income', '', '7f1e1d700f', 1530392400),
(298, 103, 1000, 'Margaret Njeri ', 2, 'income', '', '2f731f6dcd', 1530392400),
(299, 104, 1000, 'Teresia Muthoni', 2, 'income', '', '1066c6839d', 1530392400),
(300, 105, 1000, 'James Amaya Marisa', 2, 'income', '', 'e067a3a288', 1530392400),
(301, 106, 1000, 'Betty Amalla', 2, 'income', '', 'de843e0016', 1530392400),
(302, 107, 1000, 'Wesley Morang\'a ', 2, 'income', '', '73ff631280', 1530392400),
(303, 108, 1000, 'Caroline Waithera', 2, 'income', '', '48bc8417e7', 1530392400),
(304, 109, 1000, 'Tilus Maina ', 2, 'income', '', '852b65cb45', 1530392400),
(305, 110, 1000, 'Michael Okello Juma ', 2, 'income', '', 'f9d3274497', 1530392400),
(306, 111, 1000, 'Regina Nthenya Musau', 2, 'income', '', '5b3a342d8b', 1530392400),
(307, 112, 1000, 'Ogoti  Nyakenyanya Edward', 2, 'income', '', '35a98dc34b', 1530478800),
(308, 113, 1000, 'Jemimah Wamboi', 2, 'income', '', '92aaca9fbd', 1530565200),
(309, 114, 1000, 'Abraham Arasa Otiso', 2, 'income', '', 'e5ad98d42a', 1530651600),
(310, 115, 1000, 'Brian Ochieng Ouma', 2, 'income', '', '9f92bb873e', 1530738000),
(311, 116, 1000, 'Roseline Awuor Onyango', 2, 'income', '', 'cefa813633', 1530738000),
(312, 117, 1000, 'Tobias Odhiambo Ojwang ', 2, 'income', '', '3defc3d5bc', 1530910800),
(313, 118, 1000, 'Mohamed Osman Otieno', 2, 'income', '', 'a76f9b8c6d', 1530910800),
(314, 119, 1000, 'Beatrice Okisai', 2, 'income', '', 'a4911d1beb', 1530997200),
(315, 120, 1000, 'Dorcas Okisai Idionyi', 2, 'income', '', '42b196c108', 1530997200),
(316, 121, 1000, 'Francis Iluku Okochil', 2, 'income', '', '58c858f156', 1530997200),
(317, 122, 1000, 'Benard Oramisi', 2, 'income', '', 'ef0f4b2cfa', 1530997200),
(318, 123, 1000, 'Amoh Eroni Zarina', 2, 'income', '', 'f581fb4500', 1530997200),
(319, 124, 1000, 'Monchari Patricia Makori', 2, 'income', '', 'f38a239437', 1531083600),
(320, 125, 1000, 'Alfred Odhiambo Omwoyo', 2, 'income', '', '8b79858902', 1531170000),
(321, 126, 1000, 'George Omondi Gworo', 2, 'income', '', '1fcc957696', 1531170000),
(322, 127, 1000, 'Pascal Ondieki Makori ', 2, 'income', '', 'daa61d8e2a', 1531170000),
(323, 128, 1000, 'Joyce Wanjiru Njoroge', 2, 'income', '', '206df0e7f0', 1531256400),
(324, 129, 1000, 'Florence M. Waitherera Muraya', 2, 'income', '', '6613f1505a', 1531342800),
(325, 130, 1000, 'Henry  Ng\'ang\'a Mbuthia', 2, 'income', '', '91c15a000f', 1531688400),
(326, 131, 1000, 'Jamal Musilu Mutua ', 2, 'income', '', '19850e863c', 1532034000),
(327, 132, 1000, 'Valerie Wambani ', 2, 'income', '', '345e57eab7', 1532206800),
(328, 133, 1000, 'Curtis Paul Wambani ', 2, 'income', '', '428f62aeae', 1532206800),
(329, 134, 1000, 'Alicia Wabuti Wambani ', 2, 'income', '', '770a5ac875', 1532206800),
(330, 135, 1000, 'Felister Nduta Muthoni ', 2, 'income', '', '35a40a553a', 1532466000),
(331, 136, 1000, 'Mannases Omondi Okwaro', 2, 'income', '', '2764e8c94c', 1532466000),
(335, 143, 1000, 'Wycliff Odhiambo Abeti', 2, 'income', '', '64bb711af9', 1535490000),
(336, 141, 1000, 'Judith Awino Ogutu', 2, 'income', '', '67246d7e8a', 1534971600),
(337, 142, 1000, 'Lavendar Atieno K\'ouru', 2, 'income', '', '1166769aa3', 1535058000),
(338, 140, 1000, 'Sharon Atieno Adede', 2, 'income', '', 'c4278160c0', 1534971600),
(340, 138, 1000, 'Vivian Joyce Owoko ', 2, 'income', '', 'a567ee8c9f', 1534712400),
(342, 137, 1000, 'Victor Ochieng Otieno', 2, 'income', '', '7dd13442b8', 1533934800),
(343, 139, 1000, 'Fridah Nthenya Mutuku', 2, 'income', '', '1e9ee59673', 1534971600),
(344, 144, 1000, 'Simon Odhiambo Okech', 2, 'income', '', 'f1985b7452', 1535749200),
(345, 145, 1000, 'Lucy Atieno Oduor', 2, 'income', '', '6ee7bf5f0d', 1535749200),
(346, 146, 1000, 'Tabitha Nyambura Wangari', 2, 'income', '', '652845ebdb', 1535922000),
(347, 147, 1000, 'Esther Wambui Wangari ', 2, 'income', '', 'debbcc184c', 1535922000),
(348, 157, 1000, 'Merceline Atieno Otieno', 2, 'income', '', 'f1ba21e3e2', 1542920400),
(349, 158, 1000, 'Simon Githua', 2, 'income', '', '80b7328575', 1543093200),
(350, 159, 1000, 'Emilly Akoth Nyaoke', 2, 'income', '', '5450d93d9b', 1543438800),
(351, 56, 200, 'Ainea Onyango Aganda', 1, 'income', '', 'd2107197b2', 1543266000),
(352, 56, 150, 'Ainea Onyango Aganda', 3, 'income', '', '25e0ed53dc', 1543266000),
(353, 2, 200, 'Andrew Omuya', 1, 'income', '', '18c54f8643', 1543352400),
(354, 2, 150, 'Andrew Omuya', 3, 'income', '', '0b81665ccd', 1543352400),
(355, 33, 200, 'Gabriel Onga', 1, 'income', '', '8120161346', 1543093200),
(356, 33, 150, 'Gabriel Onga', 3, 'income', '', 'f263af09b3', 1543093200),
(357, 33, 100, 'Gabriel Onga', 9, 'income', '', 'a2b595a802', 1543093200),
(359, 14, 100, 'Sebastian Rukungah Mwobobia', 9, 'income', '', '629148d069', 1543093200),
(360, 5, 100, 'Francis Kiarie Njoroge', 9, 'income', '', 'e66e8daff0', 1543093200),
(361, 26, 100, 'Alex mwangi Kihara', 9, 'income', '', '6207521a9d', 1543093200),
(362, 56, 100, 'Ainea Onyango Aganda', 9, 'income', '', '5931785de8', 1543093200),
(363, 1, 100, 'Vincent Ogega Mogaka', 9, 'income', '', 'b930d6be73', 1543093200),
(364, 60, 100, 'Pius Muendo Mutiso', 9, 'income', '', '653c8fe786', 1543093200),
(365, 115, 100, 'Brian Ochieng Ouma', 9, 'income', '', '146a63702a', 1543093200),
(366, 67, 100, 'Jenniffer Wairimu Njeru', 9, 'income', '', 'c168772eb1', 1543093200),
(367, 125, 100, 'Alfred Odhiambo Omwoyo', 9, 'income', '', '439fbb7c5e', 1543093200),
(368, 28, 100, 'Symon Ndung\'u Kamau', 9, 'income', '', 'ddc19d5904', 1543093200),
(369, 3, 100, 'Richard Momanyi', 9, 'income', '', '41624551c1', 1543093200),
(372, 154, 200, 'Grace Njeri Mwangi', 1, 'income', '', '902b5d58e8', 1543093200),
(373, 154, 150, 'Grace Njeri Mwangi', 3, 'income', '', '2b2c19b5a4', 1543093200),
(374, 155, 200, 'Rosemary Waruguru Muthui', 1, 'income', '', 'ddb041918d', 1543093200),
(375, 155, 150, 'Rosemary Waruguru Muthui', 3, 'income', '', 'd2120f0824', 1543093200),
(376, 94, 100, 'Sophia Nyang\'ai', 9, 'income', '', '3dcdeb2489', 1543093200),
(377, 159, 100, 'Emilly Akoth Nyaoke', 9, 'income', '', 'd628498505', 1543438800),
(378, 5, 100, 'Francis Kiarie Njoroge', 9, 'income', '', '21e3326b58', 1543093200),
(379, 0, 100, 'anthony angola', 9, 'income', '', '1acd2dbef1', 1543093200),
(380, 76, 100, 'Charles Onyango Akura', 9, 'income', '', '675141120d', 1543093200),
(381, 126, 100, 'George Omondi Gworo', 9, 'income', '', '0f39fbf40f', 1543093200),
(382, 162, 1000, 'Gabriel Kioge Irungu', 2, 'income', '', '6da16d9505', 1543957200),
(383, 149, 1000, 'Nancy Odhiambo Anyango', 2, 'income', '', '88b54eb89e', 1538686800),
(384, 151, 1000, 'Austin Aduor Okech ', 2, 'income', '', '1abd0e5eb7', 1538773200),
(385, 150, 1000, 'Thomas Ouma Okeyo', 2, 'income', '', '00dc8e0af2', 1538773200),
(386, 152, 1000, 'Melkishadek Akoko Ochich', 2, 'income', '', '80d7ebaa53', 1538946000),
(387, 153, 1000, 'duncan Nyabera Obenge', 2, 'income', '', '8166a006f2', 1539032400),
(388, 154, 1000, 'Grace Njeri Mwangi', 2, 'income', '', '07902a3e3c', 1539637200),
(389, 155, 1000, 'Rosemary Waruguru Muthui', 2, 'income', '', 'bfb918d24f', 1539637200),
(390, 148, 1000, 'Simon Mutinda Mwendwa', 2, 'income', '', '7cfb0a469e', 1538427600),
(405, 199, 1000, 'Manoa Muiamuia Andole', 2, 'income', '', '63e50576d7', 1562014800),
(406, 199, 200, 'Manoa Muiamuia Andole', 1, 'income', '', 'bf678df774', 1562014800),
(407, 199, 100, 'Manoa Muiamuia Andole', 3, 'income', '', 'cfd29220c3', 1562014800),
(408, 31, 150, 'Lazarus Monda Onganga', 3, 'income', '', '73c77e066a', 1562101200),
(409, 178, 1000, 'Hellen Nyanchama Kiobo', 2, 'income', '', '87628693fd', 1562533200),
(410, 178, 200, 'Hellen Nyanchama Kiobo', 1, 'income', '', '7499c0c9f7', 1562533200),
(411, 178, 150, 'Hellen Nyanchama Kiobo', 3, 'income', '', '2d5eaf2893', 1562533200),
(412, 179, 1000, 'Sarah Kerubo Momanyi', 2, 'income', '', 'e95132e615', 1562533200),
(413, 179, 200, 'Sarah Kerubo Momanyi', 1, 'income', '', '4d2ccc2c06', 1562533200),
(414, 179, 150, 'Sarah Kerubo Momanyi', 3, 'income', '', 'daacdd61fc', 1562533200),
(415, 158, 200, 'Simon Githua', 1, 'income', '', 'ba69b96b2e', 1562706000),
(416, 158, 150, 'Simon Githua', 3, 'income', '', 'cb3078723b', 1562706000),
(417, 201, 1000, 'margret wangui wango', 2, 'income', '', '45ca1c01d9', 1562792400),
(418, 201, 200, 'margret wangui wango', 1, 'income', '', '66df6e8fb3', 1562792400),
(419, 201, 150, 'margret wangui wango', 3, 'income', '', 'a00d7595e9', 1562792400),
(420, 199, 50, 'Manoa Muiamuia Andole', 3, 'income', '', '9771e1bd4b', 1563138000),
(421, 38, 200, 'Daniel Ngaruiya Muthoni', 1, 'income', '', '138365c015', 1563138000),
(422, 38, 150, 'Daniel Ngaruiya Muthoni', 3, 'income', '', 'c13b0d466f', 1563138000),
(423, 30, 200, 'Johnson Moegi Onsongo', 1, 'income', '', '990a40b726', 1563224400),
(424, 30, 150, 'Johnson Moegi Onsongo', 3, 'income', '', '66f9816483', 1563224400),
(425, 159, 200, 'Emilly Akoth Nyaoke', 1, 'income', '', '9a96da5356', 1564002000),
(426, 159, 150, 'Emilly Akoth Nyaoke', 3, 'income', '', '8092de6445', 1564002000),
(427, 195, 1000, 'Mark Otieno Odhiambo', 2, 'income', '', '6908712afe', 1564520400),
(428, 196, 1000, 'Hannah Nyambura Njoroge', 2, 'income', '', '8d0514aafe', 1564520400),
(429, 48, 150, 'Joseph Athembo Omondi', 3, 'income', '', 'e17db1047c', 1564952400),
(430, 195, 100, 'Mark Otieno Odhiambo', 1, 'income', '', 'a8a8ee0343', 1564693200),
(431, 195, 150, 'Mark Otieno Odhiambo', 3, 'income', '', '84949d8b69', 1564693200),
(432, 141, 200, 'Judith Awino Ogutu', 1, 'income', '', '1c83a10635', 1565643600),
(433, 141, 150, 'Judith Awino Ogutu', 3, 'income', '', 'ee22e724b8', 1565643600),
(434, 65, 200, 'Zakaria Ondari Matari', 1, 'income', '', '54e470eeb5', 1566162000),
(435, 65, 150, 'Zakaria Ondari Matari', 3, 'income', '', 'ed5a561a9c', 1566162000),
(441, 3, 200, 'Richard Momanyi', 11, 'income', '', '504f1909b2', 1569661361),
(442, 2, 200, 'Andrew Omuya', 11, 'income', '', '44b1c258b4', 1569661971),
(443, 2, 700, 'Andrew Omuya', 12, 'income', '', '35f5ccdb46', 1569662173),
(444, 30, 300, 'Johnson Moegi Onsongo', 11, 'income', '', 'b720056951', 1569662599),
(445, 33, 450, 'Gabriel Onga', 11, 'income', '', '2e9a15abe0', 1569662709),
(446, 1, 300, 'Vincent Ogega Mogaka', 11, 'income', '', '47dc28cefb', 1569664962),
(447, 97, 200, 'Stephen Omondi', 11, 'income', '', '8b021fcef6', 1570177543),
(448, 137, 500, 'Victor Ochieng Otieno', 11, 'income', '', 'c19a49e342', 1570177650),
(449, 153, 200, 'duncan Nyabera Obenge', 11, 'income', '', '975115c0c0', 1570177741),
(450, 80, 200, 'Musa Ochieng Ogada', 11, 'income', '', 'f8f126f30f', 1570178139),
(451, 26, 200, 'Alex mwangi Kihara', 11, 'income', '', 'c03c9c05ae', 1570178718),
(452, 143, 500, 'Wycliff Odhiambo Abeti', 11, 'income', '', '47f42644e0', 1570178798),
(453, 128, 300, 'Joyce Wanjiru Njoroge', 11, 'income', '', '82e63c046e', 1570178892),
(454, 1, 300, 'Vincent Ogega Mogaka', 11, 'income', '', 'ec45be7202', 1570179063),
(455, 2, 200, 'Andrew Omuya', 11, 'income', '', '5b3c58ee11', 1570179159),
(456, 45, 300, 'Mary Wambui Ogonyo', 11, 'income', '', '3caa5d8acb', 1570179221),
(457, 158, 450, 'Simon Githua', 11, 'income', '', '0e1a86f0cf', 1570179633),
(458, 10, 240, 'Bob Moracha', 11, 'income', '', 'd866c4ee0b', 1570179776),
(459, 38, 200, 'Daniel Ngaruiya Muthoni', 11, 'income', '', '31fabe8cff', 1570179894),
(460, 30, 300, 'Johnson Moegi Onsongo', 11, 'income', '', '5ceecfe00b', 1570180045),
(461, 159, 200, 'Emilly Akoth Nyaoke', 11, 'income', '', 'a973cde01f', 1570180180),
(462, 56, 300, 'Ainea Onyango Aganda', 11, 'income', '', '53ac38f16c', 1570180276),
(463, 76, 200, 'Charles Onyango Akura', 11, 'income', '', '87832561d8', 1570180359),
(464, 75, 200, 'Edith AKinyi Onuko', 11, 'income', '', 'bd47b95bd6', 1570180818),
(465, 26, 200, 'Alex mwangi Kihara', 11, 'income', '', 'c3d541db46', 1570181047),
(466, 137, 5000, 'Victor Ochieng Otieno', 12, 'income', '', '9d5b0c839b', 1570181794),
(467, 33, 450, 'Gabriel Onga', 11, 'income', '', '0e6a4e10ad', 1570284327),
(468, 44, 600, 'Mollyne Achieng Oluoch', 11, 'income', '', '8fa5f0edeb', 1570513309),
(469, 141, 1120, 'Judith Awino Ogutu', 11, 'income', '', 'a53bcbbf37', 1570513431),
(470, 137, 1000, 'Victor Ochieng Otieno', 11, 'income', '', 'f3fca2a67a', 1570513522),
(471, 204, 1000, 'linet akinyi adera', 2, 'income', '', '62028bd988', 1565038800),
(472, 204, 200, 'linet akinyi adera', 1, 'income', '', '4ab2cbe7bf', 1565038800),
(473, 204, 150, 'linet akinyi adera', 3, 'income', '', 'd4d6244acf', 1565038800),
(474, 205, 1000, 'kenneth kamau mukuria', 2, 'income', '', '66b4a77149', 1565384400),
(475, 205, 200, 'kenneth kamau mukuria', 1, 'income', '', '22b9b645e1', 1565384400),
(476, 205, 150, 'kenneth kamau mukuria', 3, 'income', '', 'e07c49c5fc', 1565384400),
(478, 206, 1000, 'felix otieno odhiambo', 2, 'income', '', 'dd0efcadd0', 1566162000),
(479, 206, 150, 'felix otieno odhiambo', 3, 'income', '', '80e3d2ca4e', 1566162000),
(480, 206, 200, 'felix otieno odhiambo', 1, 'income', '', '4b6c0d976f', 1566162000),
(481, 207, 1000, 'joshua mosoti masira', 2, 'income', '', '84cafac1b9', 1566421200),
(482, 207, 150, 'joshua mosoti masira', 3, 'income', '', '8b66b6339c', 1566421200),
(483, 207, 200, 'joshua mosoti masira', 1, 'income', '', '5c24df0859', 1566421200),
(484, 208, 1000, 'elizabeth adhiambo alouch', 2, 'income', '', 'e2e8a3bfb0', 1566594000),
(485, 208, 200, 'elizabeth adhiambo alouch', 1, 'income', '', '41532ef347', 1566594000),
(486, 208, 150, 'elizabeth adhiambo alouch', 3, 'income', '', 'cff8ac0320', 1566594000),
(487, 209, 1000, 'ogolah paul nyamwanda', 2, 'income', '', '9136736ed4', 1567717200),
(488, 209, 150, 'ogolah paul nyamwanda', 3, 'income', '', 'd64ef3d282', 1567717200),
(489, 209, 200, 'ogolah paul nyamwanda', 1, 'income', '', 'e818b272d1', 1567717200),
(490, 210, 1000, 'david lekopien m', 2, 'income', '', '28b9483a52', 1568581200),
(491, 210, 150, 'david lekopien m', 3, 'income', '', '5675420fa2', 1568581200),
(492, 210, 200, 'david lekopien m', 1, 'income', '', 'a9639826b3', 1568581200),
(493, 211, 1000, 'nicholas ouma olela', 2, 'income', '', '2f28a9dc2f', 1569099600),
(494, 211, 200, 'nicholas ouma olela', 1, 'income', '', 'c2f1acdf87', 1569099600),
(495, 211, 150, 'nicholas ouma olela', 3, 'income', '', '517692ec51', 1569099600),
(496, 212, 1000, 'victor omondi njoga', 2, 'income', '', 'd60c941b9f', 1569099600),
(497, 212, 150, 'victor omondi njoga', 3, 'income', '', '7b0e001900', 1569099600),
(498, 212, 200, 'victor omondi njoga', 1, 'income', '', '62587b9e29', 1569099600),
(499, 213, 1000, 'angela wangari turungi', 2, 'income', '', 'ea7f1024ea', 1569099600),
(500, 1, 300, 'Vincent Ogega Mogaka', 11, 'income', '', '75b9c181f3', 1570522631),
(501, 195, 100, 'Mark Otieno Odhiambo', 1, 'income', '', '1815d17be6', 1568062800),
(502, 180, 300, 'Mwanaisha Fadhili Ali', 11, 'income', '', '94eccb36ab', 1570779091),
(503, 180, 300, 'Mwanaisha Fadhili Ali', 11, 'income', '', '3af9aed7e1', 1571232844),
(504, 30, 3000, 'Johnson Moegi Onsongo', 12, 'income', '', '4bb1f630c8', 1571903861),
(505, 2, 800, 'Andrew Omuya', 12, 'income', '', '24c80df36b', 1572515000),
(506, 180, 300, 'Mwanaisha Fadhili Ali', 11, 'income', '', '65828ee4cc', 1572585350),
(507, 30, 600, 'Johnson Moegi Onsongo', 11, 'income', '', '79e8a4fc72', 1572585452),
(508, 2, 200, 'Andrew Omuya', 11, 'income', '', '0099fea9ff', 1572585504),
(509, 65, 200, 'Zakaria Ondari Matari', 11, 'income', '', '8d911adc2b', 1572585547),
(510, 3, 200, 'Richard Momanyi', 11, 'income', '', 'd9e06db90e', 1572585587),
(511, 51, 400, 'Linda Achieng Wade', 11, 'income', '', '35bc619004', 1572585643),
(512, 184, 200, 'George F. Otieno Okelo', 1, 'income', '', 'fe671eaeef', 1551906000),
(513, 45, 3000, 'Mary Wambui Ogonyo', 12, 'income', '', '962729b3a1', 1572844536),
(514, 51, 100, 'Linda Achieng Wade', 3, 'income', '', 'a16535de71', 1570136400),
(515, 51, 200, 'Linda Achieng Wade', 1, 'income', '', '883849ba7c', 1570136400),
(516, 51, 50, 'Linda Achieng Wade', 3, 'income', '', '9b0228cf51', 1572469200),
(517, 59, 150, 'Veronica Mwelu Muendo', 3, 'income', '', 'df7a6ceeb8', 1570395600),
(518, 59, 200, 'Veronica Mwelu Muendo', 1, 'income', '', '6b26dbca00', 1570395600),
(519, 214, 1000, 'clintone ojwang opana', 2, 'income', '', 'aa8a32529a', 1569704400),
(520, 214, 150, 'clintone ojwang opana', 3, 'income', '', '9e8a504170', 1569704400),
(521, 214, 200, 'clintone ojwang opana', 1, 'income', '', '45842d8a8a', 1569704400),
(522, 215, 1000, 'john bello ekunyuk', 2, 'income', '', 'cbb3fb9be3', 1569963600),
(523, 215, 150, 'john bello ekunyuk', 3, 'income', '', '6458122536', 1569963600),
(524, 215, 200, 'john bello ekunyuk', 1, 'income', '', '6ca6bd6a66', 1569963600),
(525, 203, 1000, 'lucas monyenya okenegwa', 2, 'income', '', 'f2009e877a', 1563310800),
(526, 203, 200, 'lucas monyenya okenegwa', 1, 'income', '', '291ffa7ce8', 1563310800),
(527, 203, 150, 'lucas monyenya okenegwa', 3, 'income', '', '426a0d9d5e', 1563310800),
(528, 162, 150, 'Gabriel Kioge Irungu', 3, 'income', '', '7252394ec5', 1548709200),
(529, 45, 2400, 'Mary Wambui Ogonyo', 11, 'income', '', '3541de6cd4', 1574751061),
(531, 34, 480, 'Benedict Ouma', 14, 'expense', '', '83b081795c', 1561928400),
(532, 34, 100, 'Benedict Ouma', 12, 'expense', '', '942fd8c9d0', 1561928400),
(533, 34, 150, 'Benedict Ouma', 11, 'expense', '', '3e0c21d52d', 1561928400),
(534, 34, 1660, 'Benedict Ouma', 13, 'expense', '', '21873e067a', 1561928400),
(535, 26, 1500, 'Alex mwangi Kihara', 12, 'expense', '', 'bd3eafb9dd', 1562014800),
(536, 33, 50, 'Gabriel Onga', 11, 'expense', '', '8a26802b9f', 1562014800),
(537, 156, 7500, 'Jacinta Mutheu Mututa', 18, 'expense', '', 'ba081121aa', 1562014800),
(538, 33, 2100, 'Gabriel Onga', 19, 'expense', '', '7126819643', 1562101200),
(539, 33, 300, 'Gabriel Onga', 12, 'expense', 'transport to town', 'f32e6bae39', 1562101200),
(540, 33, 100, 'Gabriel Onga', 11, 'expense', '', 'c3872f4d84', 1562101200),
(541, 156, 480, 'Jacinta Mutheu Mututa', 14, 'expense', '', 'a563f12575', 1562101200),
(542, 156, 100, 'Jacinta Mutheu Mututa', 12, 'expense', '', 'f6e7958094', 1562101200),
(543, 0, 150, 'mary steve', 17, 'expense', '', '4306aef706', 1562101200),
(544, 61, 500, 'David Mwebi Mogaka', 20, 'expense', '', 'a2724b7a0d', 1562187600),
(545, 156, 1040, 'Jacinta Mutheu Mututa', 21, 'expense', '', '1960ee78a8', 1562187600),
(546, 156, 100, 'Jacinta Mutheu Mututa', 12, 'expense', '', '50e8f39aaf', 1562187600),
(547, 156, 20, 'Jacinta Mutheu Mututa', 22, 'expense', '', '8c0a00fed3', 1562187600),
(548, 2, 8000, 'Andrew Omuya', 23, 'expense', '', 'fcf8c6b47f', 1562187600),
(549, 45, 30000, 'Mary Wambui Ogonyo', 23, 'expense', '', '4a24b15aae', 1562274000),
(550, 45, 4000, 'Mary Wambui Ogonyo', 24, 'expense', 'reflectors 10 each 400', 'e31ceadc98', 1562274000),
(551, 26, 4000, 'Alex mwangi Kihara', 25, 'expense', '', '0ea46b6716', 1562274000),
(552, 26, 1500, 'Alex mwangi Kihara', 8, 'expense', 'additional charge for cabinet', '7afdb35c9a', 1562274000),
(553, 53, 100, 'Virginia Mutindi Mathina', 11, 'expense', '', '695f2f2b27', 1562274000),
(554, 0, 1450, 'classic hotel - orina', 26, 'expense', '', '075ce40879', 1562446800),
(555, 43, 1000, 'Timothy Oluoch Owuor', 27, 'expense', 'refund to undugu housing', '7bae516bf8', 1562446800),
(556, 0, 2000, 'aro mureithi', 8, 'expense', 'office painting ', 'df691ce003', 1562446800),
(557, 0, 3000, 'sister kwetu ', 28, 'expense', '', '1f62005c7d', 1575666000),
(558, 0, 6500, 'KUSCCO trainer', 30, 'expense', '', '2e0ff7bece', 1562446800),
(559, 0, 3000, 'BODABODA trainer', 30, 'expense', '', '67b85f2396', 1562446800),
(560, 40, 300, 'Wilfred Omong\'a Mose', 32, 'expense', 'soda delivery', 'e0e3d0ff6f', 1562446800),
(561, 24, 500, 'Dorcas Awino Ouru', 33, 'expense', 'during education day', '7cabc9bd8c', 1562446800),
(562, 156, 500, 'Jacinta Mutheu Mututa', 33, 'expense', 'during education day', '5a1415aba3', 1562446800),
(563, 0, 6000, 'aro mureithi', 29, 'expense', '', 'be14afb94b', 1562360400),
(564, 0, 2280, 'abipa kipawa', 32, 'expense', '', 'c5eb2b0d7c', 1562360400),
(565, 0, 200, 'abipa kipawa', 12, 'expense', '', '07dc7687a9', 1562360400),
(566, 0, 100, 'bene', 11, 'expense', '', 'a04382499f', 1562360400),
(567, 34, 100, 'Benedict Ouma', 11, 'expense', '', 'dfca00c0b0', 1562533200),
(568, 33, 50, 'Gabriel Onga', 12, 'expense', '', '65fbf961be', 1562360400),
(569, 30, 3000, 'Johnson Moegi Onsongo', 34, 'expense', '', 'd77c2d2f1d', 1562533200),
(570, 30, 1000, 'Johnson Moegi Onsongo', 35, 'expense', '', '60bb1dcbdc', 1562533200),
(571, 53, 500, 'Virginia Mutindi Mathina', 33, 'expense', '', '524e645d4c', 1562533200),
(572, 53, 200, 'Virginia Mutindi Mathina', 12, 'expense', '', '6aa337d761', 1562533200),
(573, 32, 1100, 'Jane Gesare Morang\'a', 36, 'expense', '', '9c88868294', 1562533200),
(574, 32, 1920, 'Jane Gesare Morang\'a', 7, 'expense', '96 x 20', '3070e23986', 1562533200),
(575, 32, 350, 'Jane Gesare Morang\'a', 7, 'expense', '', '70b92fff1c', 1562533200),
(576, 33, 200, 'Gabriel Onga', 37, 'expense', 'new registration m/no 199 & 202', '9450d69db3', 1562533200),
(577, 0, 200, 'damarine', 17, 'expense', '', '3ad07d822a', 1562533200),
(578, 0, 100, 'ben', 11, 'expense', '', '0fdd2ca283', 1562619600),
(579, 61, 1600, 'David Mwebi Mogaka', 12, 'expense', 'local transport for generator and PA oil', '5d634de431', 1562619600),
(580, 33, 100, 'Gabriel Onga', 11, 'expense', '', '0e06fa73b7', 1562619600),
(581, 34, 150, 'Benedict Ouma', 11, 'expense', '', '68465608dd', 1562706000),
(582, 156, 100, 'Jacinta Mutheu Mututa', 12, 'expense', 'to do deposits', '931ec4eb99', 1562706000),
(583, 38, 5000, 'Daniel Ngaruiya Muthoni', 23, 'expense', '', '3c2fb237c2', 1563310800),
(584, 34, 200, 'Benedict Ouma', 11, 'expense', '', 'e39a527d3c', 1563397200),
(585, 67, 3000, 'Jenniffer Wairimu Njeru', 4, 'expense', '', 'ee2faa2c44', 1563397200),
(586, 67, 138, 'Jenniffer Wairimu Njeru', 6, 'expense', '', 'c36b5516e9', 1563397200),
(587, 0, 100, 'damarine', 17, 'expense', '', '2cdc14d907', 1563483600),
(588, 30, 15000, 'Johnson Moegi Onsongo', 23, 'expense', '', 'b1d4407c57', 1563483600),
(589, 0, 100, 'damaline', 17, 'expense', '', '0f4fefad69', 1564347600),
(591, 156, 100, 'Jacinta Mutheu Mututa', 11, 'expense', '', '53292dd529', 1564520400),
(592, 159, 12000, 'Emilly Akoth Nyaoke', 23, 'expense', '', 'af0b8c16b3', 1564520400),
(593, 156, 8100, 'Jacinta Mutheu Mututa', 18, 'expense', '', 'fb03220eb6', 1564520400),
(594, 30, 15000, 'Johnson Moegi Onsongo', 23, 'expense', '', '97c6784e14', 1564520400),
(595, 156, 100, 'Jacinta Mutheu Mututa', 12, 'expense', '', '004490e811', 1564520400),
(596, 76, 9000, 'Charles Onyango Akura', 23, 'expense', '', '4df4a908bd', 1565557200),
(597, 156, 540, 'Jacinta Mutheu Mututa', 14, 'expense', '', '21719bfc7b', 1565643600),
(598, 156, 100, 'Jacinta Mutheu Mututa', 12, 'expense', '', '6ce87a61cd', 1565643600),
(599, 156, 10, 'Jacinta Mutheu Mututa', 22, 'expense', '', 'dcab4d1279', 1565643600),
(600, 34, 2000, 'Benedict Ouma', 39, 'expense', '', '7414ca464f', 1564520400),
(601, 34, 100, 'Benedict Ouma', 12, 'expense', '', 'd55255cfde', 1564520400),
(602, 34, 1000, 'Benedict Ouma', 40, 'expense', '', 'c445b51dd5', 1564520400),
(603, 156, 75, 'Jacinta Mutheu Mututa', 38, 'expense', '', '1e482b5207', 1565643600),
(604, 0, 100, 'mary', 17, 'expense', '', '043f93ed32', 1565643600),
(605, 0, 2000, 'jacint', 18, 'expense', 'advance payment', 'd74db45948', 1565816400),
(606, 67, 3000, 'Jenniffer Wairimu Njeru', 4, 'expense', '', '5950739385', 1566248400),
(607, 33, 200, 'Gabriel Onga', 37, 'expense', 'registration for two member 204 and 205', '11ff38f336', 1566334800),
(608, 33, 15000, 'Gabriel Onga', 41, 'expense', '', '8cc42f46d5', 1566421200),
(609, 156, 180, 'Jacinta Mutheu Mututa', 42, 'expense', '', '300e0c3e56', 1566507600),
(610, 156, 20, 'Jacinta Mutheu Mututa', 22, 'expense', '', 'c4fe62ec38', 1566507600),
(611, 156, 150, 'Jacinta Mutheu Mututa', 12, 'expense', '', 'e47830f422', 1566507600),
(612, 0, 100, 'damaline', 17, 'expense', '', '44157b3326', 1566939600),
(613, 156, 100, 'Jacinta Mutheu Mututa', 12, 'expense', 'to sophia', '364c80be18', 1567198800),
(614, 156, 100, 'Jacinta Mutheu Mututa', 11, 'expense', '', '756192db0d', 1567198800),
(615, 156, 150, 'Jacinta Mutheu Mututa', 12, 'expense', 'to do deposits ruai', '63dd839f3a', 1567198800),
(616, 156, 6100, 'Jacinta Mutheu Mututa', 18, 'expense', '', '44cf12443e', 1567198800),
(617, 129, 3000, 'Florence M. Waitherera Muraya', 43, 'expense', '', 'c292b0eb62', 1567803600),
(618, 129, 500, 'Florence M. Waitherera Muraya', 44, 'expense', '', 'fdabedb859', 1567803600),
(619, 156, 500, 'Jacinta Mutheu Mututa', 44, 'expense', '', '4cfbd7d130', 1567803600),
(620, 56, 500, 'Ainea Onyango Aganda', 44, 'expense', '', 'db5c9e11b8', 1567803600),
(621, 33, 500, 'Gabriel Onga', 44, 'expense', '', 'fa6d71d195', 1567803600),
(622, 94, 500, 'Sophia Nyang\'ai', 44, 'expense', '', 'ed534b4177', 1567803600),
(623, 0, 200, 'mary', 17, 'expense', 'two times', '82fd65775b', 1568062800),
(624, 67, 3000, 'Jenniffer Wairimu Njeru', 4, 'expense', '', 'c22222e422', 1568062800),
(625, 67, 164, 'Jenniffer Wairimu Njeru', 6, 'expense', '', 'ab936cf891', 1568062800),
(626, 32, 350, 'Jane Gesare Morang\'a', 7, 'expense', '', '5772ddf670', 1568840400),
(627, 0, 100, 'mary', 17, 'expense', '', 'b1871df326', 1568840400),
(628, 26, 3000, 'Alex mwangi Kihara', 43, 'expense', '', '51bf19f26b', 1569013200),
(629, 26, 1500, 'Alex mwangi Kihara', 44, 'expense', 'for jacinta -500\r\nonga-500\r\nalex-500', 'fb5b80466f', 1569013200),
(630, 156, 7500, 'Jacinta Mutheu Mututa', 18, 'expense', '', '5d966b2243', 1569790800),
(631, 67, 3000, 'Jenniffer Wairimu Njeru', 4, 'expense', '', '294db9f290', 1569790800),
(632, 67, 136, 'Jenniffer Wairimu Njeru', 6, 'expense', '', '8b5bff58ce', 1569790800),
(633, 156, 150, 'Jacinta Mutheu Mututa', 12, 'expense', '', '60ef82b3fc', 1569790800),
(634, 156, 100, 'Jacinta Mutheu Mututa', 11, 'expense', '', '18534c855b', 1569790800),
(635, 156, 500, 'Jacinta Mutheu Mututa', 45, 'expense', '', '5a7735cf53', 1569790800),
(636, 156, 450, 'Jacinta Mutheu Mututa', 14, 'expense', '', '3e54638777', 1569445200),
(637, 156, 150, 'Jacinta Mutheu Mututa', 12, 'expense', '', '885585be4c', 1569445200),
(638, 0, 200, 'mama caro', 37, 'expense', 'new membership - 197 and 198', 'c5436ae286', 1569877200),
(640, 156, 100, 'Jacinta Mutheu Mututa', 11, 'expense', '', 'a7b12077b0', 1571000400),
(641, 156, 100, 'Jacinta Mutheu Mututa', 11, 'expense', '', '9a6899cbef', 1571346000),
(642, 156, 100, 'Jacinta Mutheu Mututa', 11, 'expense', '', '6f65c577e2', 1571864400),
(643, 156, 50, 'Jacinta Mutheu Mututa', 11, 'expense', '', '75693f8793', 1572469200),
(644, 156, 8100, 'Jacinta Mutheu Mututa', 18, 'expense', '', '3a4f8f3d30', 1572469200),
(645, 67, 3000, 'Jenniffer Wairimu Njeru', 4, 'expense', '', 'ac0539562a', 1572469200),
(646, 67, 174, 'Jenniffer Wairimu Njeru', 6, 'expense', '', '1639f22cde', 1572469200),
(647, 156, 100, 'Jacinta Mutheu Mututa', 11, 'expense', '', '4a1edd2724', 1572555600),
(648, 156, 220, 'Jacinta Mutheu Mututa', 12, 'expense', 'to bank', '39b3ae066d', 1572555600),
(649, 32, 350, 'Jane Gesare Morang\'a', 7, 'expense', '', '73fac14dcf', 1573074000),
(650, 156, 100, 'Jacinta Mutheu Mututa', 11, 'expense', '', '450cb95310', 1573765200),
(651, 156, 100, 'Jacinta Mutheu Mututa', 11, 'expense', '', 'cb56eb7f75', 1574370000),
(652, 156, 100, 'Jacinta Mutheu Mututa', 11, 'expense', '', '5a50eab5b9', 1574715600),
(653, 0, 200, 'mary', 17, 'expense', 'two times', 'df52c536b8', 1574888400),
(654, 33, 700, 'Gabriel Onga', 37, 'expense', 'for new membership\r\n178,179,209,210,213,215,217', '5bca2bdba0', 1574888400),
(655, 0, 100, 'lucy gitau', 37, 'expense', 'new membership 218', 'e23a7fa19c', 1574974800),
(656, 156, 7800, 'Jacinta Mutheu Mututa', 18, 'expense', '', 'f50bcad37c', 1574974800),
(657, 67, 3000, 'Jenniffer Wairimu Njeru', 4, 'expense', '', '2eded24e49', 1574974800),
(658, 67, 128, 'Jenniffer Wairimu Njeru', 6, 'expense', '', 'ce0444e28b', 1574974800),
(659, 0, 4300, 'awards', 31, 'expense', 'youngest member 300\r\nhighest saver 300x2\r\nshort term loan repay 300x2\r\nguarators 300x2\r\nstaff 300x2\r\nmarketing 800x2', 'accdff563f', 1562446800),
(660, 61, 500, 'David Mwebi Mogaka', 46, 'expense', 'chairs', 'c97fa80c70', 1562274000),
(661, 61, 800, 'David Mwebi Mogaka', 12, 'expense', '', '051507cdbe', 1562274000);
INSERT INTO `payments` (`payment_id`, `member`, `amount`, `name`, `category`, `type`, `description`, `invoice`, `date`) VALUES
(662, 0, 150, 'mary', 46, 'expense', 'for assisting in arranging the chairs ,cleaning and wiping\r\nmary 50\r\ndamaline 50\r\nkoi 50', '7375367d39', 1562101200),
(663, 216, 1000, 'stellah khaidi wanyama', 2, 'income', '', '8009e7e8d7', 1571259600),
(664, 217, 1000, 'geoffrey otieno osumba', 2, 'income', '', 'c59b2a4589', 1572814800),
(665, 217, 200, 'geoffrey otieno osumba', 1, 'income', '', 'd7dcf77117', 1572814800),
(666, 217, 150, 'geoffrey otieno osumba', 3, 'income', '', 'db3d9f93b8', 1572814800),
(667, 218, 1000, 'antony wainaina njau', 2, 'income', '', 'b125b5c058', 1574715600),
(668, 218, 200, 'antony wainaina njau', 1, 'income', '', 'af50aa4464', 1574715600),
(669, 218, 150, 'antony wainaina njau', 3, 'income', '', '05913cae23', 1574715600),
(670, 219, 1000, 'caroline mueni', 2, 'income', '', 'f54492da55', 1574974800),
(671, 219, 200, 'caroline mueni', 1, 'income', '', '8ffb6b5cd7', 1574974800),
(672, 219, 150, 'caroline mueni', 3, 'income', '', '5ab6601232', 1574974800),
(673, 45, 2000, 'Mary Wambui Ogonyo', 11, 'income', '', '68f01db08d', 1575534323),
(674, 159, 300, 'Emilly Akoth Nyaoke', 11, 'income', '', '47df7dafdd', 1575695384),
(675, 167, 600, 'Stephen Lelei Malakwen', 11, 'income', '', 'd6e9da8c3f', 1576229477),
(676, 156, 450, 'Jacinta Mutheu Mututa', 11, 'income', '', '9330b13491', 1576317018),
(677, 33, 2970, 'Gabriel Onga', 12, 'income', '', '3564ff0950', 1576583530),
(678, 33, 660, 'Gabriel Onga', 11, 'income', '', '644533a098', 1576583608),
(679, 114, 200, 'Abraham Arasa Otiso', 11, 'income', '', '57324e47af', 1576584041),
(680, 159, 300, 'Emilly Akoth Nyaoke', 11, 'income', '', '2725c37a22', 1576670581),
(681, 167, 600, 'Stephen Lelei Malakwen', 11, 'income', '', 'bd75e7ce52', 1576670636),
(682, 156, 451, 'Jacinta Mutheu Mututa', 11, 'income', '', '442e415d65', 1576670696),
(683, 156, 450, 'Jacinta Mutheu Mututa', 11, 'income', '', 'd638ab490e', 1576670753),
(684, 33, 660, 'Gabriel Onga', 11, 'income', '', 'eee92516f1', 1576670816),
(685, 114, 200, 'Abraham Arasa Otiso', 11, 'income', '', '1efd8357d6', 1576670859),
(686, 1, 3000, 'Vincent Ogega Mogaka', 12, 'income', '', '83ad465799', 1576832018),
(687, 1, 700, 'Vincent Ogega Mogaka', 11, 'income', '', '6b011431ed', 1576832270),
(688, 190, 300, 'Nancy Kerubo Mosira', 11, 'income', '', 'f562eb5038', 1576915889),
(689, 26, 600, 'Alex mwangi Kihara', 11, 'income', '', '13e7f43bec', 1578318682),
(690, 114, 500, 'Abraham Arasa Otiso', 12, 'income', '', '561696e2c7', 1578388263),
(691, 114, 200, 'Abraham Arasa Otiso', 11, 'income', '', '36312b6369', 1578388332),
(692, 114, 198, 'Abraham Arasa Otiso', 11, 'income', '', '6f6b7eb900', 1578388405),
(693, 1, 700, 'Vincent Ogega Mogaka', 11, 'income', '', '9c5ac0f8ff', 1578733211),
(694, 1, 700, 'Vincent Ogega Mogaka', 11, 'income', '', '203126805e', 1578734498),
(695, 1, 700, 'Vincent Ogega Mogaka', 11, 'income', '', '9aed75f318', 1578734563),
(696, 1, 700, 'Vincent Ogega Mogaka', 11, 'income', '', 'a40c457c76', 1578734666),
(697, 220, 1000, 'teresa moraa ndege', 2, 'income', '', '9580f9d92f', 1577048400),
(698, 220, 200, 'teresa moraa ndege', 1, 'income', '', '7dd50b7be6', 1577048400),
(699, 220, 150, 'teresa moraa ndege', 3, 'income', '', 'fc71548169', 1577048400),
(700, 159, 1200, 'Emilly Akoth Nyaoke', 12, 'income', '', 'aeeb60ad46', 1579509071),
(701, 76, 900, 'Charles Onyango Akura', 12, 'income', '', '91460dcf80', 1579509414),
(702, 26, 1200, 'Alex mwangi Kihara', 12, 'income', '', '26c65a4c7b', 1579509965),
(703, 38, 500, 'Daniel Ngaruiya Muthoni', 12, 'income', '', 'd9c19ce581', 1579516435),
(704, 193, 200, 'Steve Oyoo Ayot', 11, 'income', '', 'd0b87bcef7', 1579767391),
(705, 193, 800, 'Steve Oyoo Ayot', 11, 'income', '', '6cbbde80e3', 1579767830),
(706, 173, 540, 'Mueni Angelina Kaluki', 11, 'income', '', '72831d9746', 1580128642),
(707, 1, 200, 'Vincent Ogega Mogaka', 11, 'income', '', 'f933240653', 1580458292),
(708, 135, 700, 'Felister Nduta Muthoni ', 11, 'income', '', '9ce82c449a', 1580731947),
(709, 1, 700, 'Vincent Ogega Mogaka', 11, 'income', '', 'ea28986280', 1580898130),
(710, 1, 700, 'Vincent Ogega Mogaka', 11, 'income', '', '9de348ebca', 1580898417),
(711, 128, 450, 'Joyce Wanjiru Njoroge', 11, 'income', '', '2bc4b1fe7b', 1580972595),
(712, 128, 450, 'Joyce Wanjiru Njoroge', 11, 'income', '', '98808e1edc', 1580972877),
(713, 99, 300, 'Ian Oduor Okoth', 11, 'income', '', '414f6b1790', 1581341092),
(714, 173, 540, 'Mueni Angelina Kaluki', 11, 'income', '', '50e6e78060', 1581487623),
(715, 99, 200, 'Ian Oduor Okoth', 11, 'income', '', '6df39e13a9', 1581499851),
(716, 187, 900, 'Henry Arisa Mose', 11, 'income', '', 'd88ee3f8a1', 1582890112),
(717, 2, 200, 'Andrew Omuya', 11, 'income', '', '10000d2b7d', 1583131942),
(718, 3, 200, 'Richard Momanyi', 11, 'income', '', '843e2d1d0c', 1583149972),
(719, 128, 3000, 'Joyce Wanjiru Njoroge', 12, 'income', '', '8fa247ae51', 1583754995),
(720, 193, 200, 'Steve Oyoo Ayot', 11, 'income', '', '85a87359f0', 1583756318),
(721, 173, 540, 'Mueni Angelina Kaluki', 11, 'income', '', 'c05f4fbc23', 1583756417),
(722, 173, 540, 'Mueni Angelina Kaluki', 11, 'income', '', '5f85656ec6', 1583756495),
(723, 135, 700, 'Felister Nduta Muthoni ', 11, 'income', '', '3ab9f4d463', 1583756590),
(724, 128, 450, 'Joyce Wanjiru Njoroge', 11, 'income', '', '18bd22b179', 1583756685),
(725, 99, 200, 'Ian Oduor Okoth', 11, 'income', '', 'b01818308b', 1583756753),
(726, 187, 900, 'Henry Arisa Mose', 11, 'income', '', '9188ca6aed', 1583756823),
(727, 2, 200, 'Andrew Omuya', 11, 'income', '', 'c5d0ad081f', 1583756902),
(728, 3, 200, 'Richard Momanyi', 11, 'income', '', '87424117b5', 1583756960);

-- --------------------------------------------------------

--
-- Table structure for table `payment_categories`
--

CREATE TABLE `payment_categories` (
  `category_id` int(11) NOT NULL,
  `type` varchar(255) NOT NULL,
  `category_name` varchar(255) NOT NULL
) ENGINE=InnoDB DEFAULT CHARSET=latin1;

--
-- Dumping data for table `payment_categories`
--

INSERT INTO `payment_categories` (`category_id`, `type`, `category_name`) VALUES
(1, 'income', 'Passbook'),
(2, 'income', 'Registration'),
(3, 'income', 'By Laws'),
(4, 'expense', 'Rent'),
(5, 'expense', 'Salary'),
(6, 'expense', 'Electricity'),
(7, 'expense', 'Water'),
(8, 'expense', 'Office Supply'),
(9, 'income', 'Company Magazine'),
(10, 'expense', 'Software System'),
(11, 'expense', 'airtime'),
(12, 'expense', 'local transport'),
(13, 'expense', 'antivirus'),
(14, 'expense', 'printing papers'),
(15, 'income', 'wages'),
(16, 'income', ''),
(17, 'expense', 'cleaning office'),
(18, 'expense', 'wage'),
(19, 'expense', 'photocopies'),
(20, 'expense', 'posters display'),
(21, 'expense', 'envolopes'),
(22, 'expense', 'bag '),
(23, 'expense', 'loan'),
(24, 'expense', 'reflectors'),
(25, 'expense', 'additional charges for chairs '),
(26, 'expense', 'mandazi and packets'),
(27, 'expense', 'refund'),
(28, 'expense', 'hall hire'),
(29, 'expense', 'office painting'),
(30, 'expense', 'facilitation'),
(31, 'expense', 'awards'),
(32, 'expense', 'soda'),
(33, 'expense', 'registration'),
(34, 'expense', 'dj services '),
(35, 'expense', 'battery'),
(36, 'expense', 'decorations'),
(37, 'expense', 'tokens'),
(38, 'expense', 'loose pad'),
(39, 'expense', 'cable'),
(40, 'expense', 'installation'),
(41, 'expense', 'leaders education fee'),
(42, 'expense', 'box file'),
(43, 'expense', 'taxi'),
(44, 'expense', 'allowance'),
(45, 'expense', 'overtime'),
(46, 'expense', 'labour');

--
-- Indexes for dumped tables
--

--
-- Indexes for table `admin`
--
ALTER TABLE `admin`
  ADD PRIMARY KEY (`admin_id`);

--
-- Indexes for table `contributions`
--
ALTER TABLE `contributions`
  ADD PRIMARY KEY (`contribution_id`);

--
-- Indexes for table `loans`
--
ALTER TABLE `loans`
  ADD PRIMARY KEY (`loan_id`);

--
-- Indexes for table `loan_category`
--
ALTER TABLE `loan_category`
  ADD PRIMARY KEY (`category_id`);

--
-- Indexes for table `loan_payments`
--
ALTER TABLE `loan_payments`
  ADD PRIMARY KEY (`payment_id`);

--
-- Indexes for table `members`
--
ALTER TABLE `members`
  ADD PRIMARY KEY (`member_id`);

--
-- Indexes for table `payments`
--
ALTER TABLE `payments`
  ADD PRIMARY KEY (`payment_id`);

--
-- Indexes for table `payment_categories`
--
ALTER TABLE `payment_categories`
  ADD PRIMARY KEY (`category_id`);

--
-- AUTO_INCREMENT for dumped tables
--

--
-- AUTO_INCREMENT for table `admin`
--
ALTER TABLE `admin`
  MODIFY `admin_id` int(11) NOT NULL AUTO_INCREMENT, AUTO_INCREMENT=2;

--
-- AUTO_INCREMENT for table `contributions`
--
ALTER TABLE `contributions`
  MODIFY `contribution_id` int(11) NOT NULL AUTO_INCREMENT, AUTO_INCREMENT=1680;

--
-- AUTO_INCREMENT for table `loans`
--
ALTER TABLE `loans`
  MODIFY `loan_id` int(11) NOT NULL AUTO_INCREMENT, AUTO_INCREMENT=69;

--
-- AUTO_INCREMENT for table `loan_category`
--
ALTER TABLE `loan_category`
  MODIFY `category_id` int(11) NOT NULL AUTO_INCREMENT, AUTO_INCREMENT=8;

--
-- AUTO_INCREMENT for table `loan_payments`
--
ALTER TABLE `loan_payments`
  MODIFY `payment_id` int(11) NOT NULL AUTO_INCREMENT, AUTO_INCREMENT=229;

--
-- AUTO_INCREMENT for table `members`
--
ALTER TABLE `members`
  MODIFY `member_id` int(11) NOT NULL AUTO_INCREMENT, AUTO_INCREMENT=221;

--
-- AUTO_INCREMENT for table `payments`
--
ALTER TABLE `payments`
  MODIFY `payment_id` int(11) NOT NULL AUTO_INCREMENT, AUTO_INCREMENT=729;

--
-- AUTO_INCREMENT for table `payment_categories`
--
ALTER TABLE `payment_categories`
  MODIFY `category_id` int(11) NOT NULL AUTO_INCREMENT, AUTO_INCREMENT=47;
COMMIT;

/*!40101 SET CHARACTER_SET_CLIENT=@OLD_CHARACTER_SET_CLIENT */;
/*!40101 SET CHARACTER_SET_RESULTS=@OLD_CHARACTER_SET_RESULTS */;
/*!40101 SET COLLATION_CONNECTION=@OLD_COLLATION_CONNECTION */;
